Cost_ID,Shipment_ID,Freight_Cost_USD,DD_Charges_USD,Customs_Fee_USD,Port_Handling_USD,Inland_Transport_USD,Insurance_USD,Total_Landed_Cost_USD,DD_As_Pct_Of_Total,Cost_Year,Cost_Month,Carrier,POD
CST000001,SHP000001,9723.24,450,1365.55,380.47,1345.76,1875.25,15140.27,2.97,2024,9,Evergreen,Vancouver
CST000002,SHP000002,33028.56,10525,1795.53,488.08,2574.91,1385.79,49797.87,21.14,2023,2,COSCO,New York
CST000003,SHP000003,1647.08,0,614.07,1035.93,528.56,2650.93,6476.57,0.0,2023,4,MSC,Toronto
CST000004,SHP000004,29319.8,0,1573.17,729.48,1998.54,357.04,33978.03,0.0,2024,9,COSCO,Chicago
CST000005,SHP000005,3291.45,0,1456.74,1319.12,604.42,2272.22,8943.95,0.0,2024,6,Evergreen,Vancouver
CST000006,SHP000006,7082.88,0,1967.03,525.85,2000.22,666.27,12242.25,0.0,2023,5,Yang Ming,Vancouver
CST000007,SHP000007,20648.24,2350,1042.38,584.09,2262.04,924.04,27810.79,8.45,2022,1,ZIM,Toronto
CST000008,SHP000008,29240.28,1750,351.36,1043.28,2006.03,1368.73,35759.68,4.89,2023,6,Yang Ming,Miami
CST000009,SHP000009,37815.57,0,748.24,1473.93,1180.84,1097.43,42316.01,0.0,2023,10,Evergreen,Toronto
CST000010,SHP000010,17110.0,1525,1409.53,1085.04,2640.53,660.22,24430.32,6.24,2022,5,MSC,Vancouver
CST000011,SHP000011,9855.75,0,1569.53,1443.32,599.63,993.56,14461.79,0.0,2023,2,Yang Ming,Chicago
CST000012,SHP000012,24355.2,350,1025.88,381.42,1275.08,2342.31,29729.89,1.18,2022,5,Maersk,Vancouver
CST000013,SHP000013,8548.08,0,900.85,1332.23,1937.41,513.48,13232.05,0.0,2024,12,CMA CGM,Chicago
CST000014,SHP000014,13350.05,600,619.43,761.94,2449.49,306.64,18087.55,3.32,2023,8,COSCO,Chicago
CST000015,SHP000015,6989.25,0,561.03,1124.6,553.09,911.44,10139.41,0.0,2022,1,Yang Ming,Toronto
CST000016,SHP000016,7170.63,0,1835.34,781.76,2759.85,220.63,12768.21,0.0,2022,11,Maersk,Vancouver
CST000017,SHP000017,35730.7,22800,373.83,361.41,2663.09,966.99,62896.02,36.25,2022,7,ONE,New York
CST000018,SHP000018,7148.72,750,1658.64,1146.91,1742.28,2208.33,14654.88,5.12,2023,1,CMA CGM,Toronto
CST000019,SHP000019,6499.28,0,972.77,1066.95,2726.02,719.95,11984.97,0.0,2023,2,Maersk,New York
CST000020,SHP000020,1226.76,450,1739.88,1394.29,2512.79,2717.07,10040.79,4.48,2023,12,Hapag-Lloyd,Chicago
CST000021,SHP000021,11051.01,300,1105.15,1251.59,1640.79,1725.7,17074.24,1.76,2024,6,Hapag-Lloyd,Vancouver
CST000022,SHP000022,18634.08,150,323.04,1162.69,2882.22,1464.07,24616.1,0.61,2024,11,Maersk,Toronto
CST000023,SHP000023,9422.6,0,381.56,684.33,1656.48,1380.3,13525.27,0.0,2023,10,COSCO,Miami
CST000024,SHP000024,30446.5,1400,645.04,1215.84,796.79,543.96,35048.13,3.99,2022,1,HMM,Miami
CST000025,SHP000025,20402.0,500,1746.22,827.58,1889.83,2008.97,27374.6,1.83,2022,6,Evergreen,Los Angeles
CST000026,SHP000026,4970.08,1000,1008.66,1395.49,2852.22,1578.6,12805.05,7.81,2022,2,Evergreen,Los Angeles
CST000027,SHP000027,11267.97,0,1656.59,1133.09,1873.04,922.44,16853.13,0.0,2023,5,Yang Ming,Miami
CST000028,SHP000028,27028.53,425,1943.84,1309.22,1967.12,1176.7,33850.41,1.26,2024,7,Maersk,Vancouver
CST000029,SHP000029,15629.96,0,1729.09,1209.77,2059.48,844.97,21473.27,0.0,2022,11,COSCO,Seattle
CST000030,SHP000030,24625.2,200,1116.0,1394.16,911.51,272.7,28519.57,0.7,2022,6,Evergreen,Seattle
CST000031,SHP000031,18706.88,600,1412.79,376.78,2697.96,259.23,24053.64,2.49,2022,5,Yang Ming,New York
CST000032,SHP000032,27704.32,700,1153.69,419.9,2239.22,2250.6,34467.73,2.03,2024,9,HMM,Miami
CST000033,SHP000033,14305.76,300,1208.47,701.68,1419.77,1341.98,19277.66,1.56,2023,3,COSCO,Seattle
CST000034,SHP000034,12022.05,200,608.44,1147.39,1195.25,425.57,15598.7,1.28,2024,3,ZIM,Toronto
CST000035,SHP000035,12133.8,1000,949.39,448.77,1302.16,272.36,16106.48,6.21,2023,11,ONE,Seattle
CST000036,SHP000036,3098.94,0,1947.7,326.16,2553.95,517.39,8444.14,0.0,2022,5,Maersk,New York
CST000037,SHP000037,7355.66,0,1320.06,606.54,1868.59,584.65,11735.5,0.0,2023,6,HMM,Seattle
CST000038,SHP000038,4708.12,700,371.86,1199.68,505.67,876.52,8361.85,8.37,2024,2,HMM,Chicago
CST000039,SHP000039,5080.86,450,1521.62,343.45,1611.41,817.55,9824.89,4.58,2024,12,HMM,Houston
CST000040,SHP000040,15394.4,0,468.19,1229.07,2987.13,1017.69,21096.48,0.0,2022,11,Yang Ming,Seattle
CST000041,SHP000041,23267.52,5800,961.06,1462.79,600.88,1737.6,33829.85,17.14,2023,5,Yang Ming,Houston
CST000042,SHP000042,11008.44,500,1293.08,490.69,1527.81,1529.26,16349.28,3.06,2024,9,ZIM,Los Angeles
CST000043,SHP000043,13421.0,750,517.64,974.18,2154.31,1101.84,18918.97,3.96,2023,5,Maersk,Vancouver
CST000044,SHP000044,21653.8,200,1625.65,484.64,2809.83,1431.02,28204.94,0.71,2023,3,Maersk,Chicago
CST000045,SHP000045,6937.5,0,665.52,1006.43,1713.56,925.38,11248.39,0.0,2024,7,COSCO,Houston
CST000046,SHP000046,8208.45,1350,1278.57,1375.36,1437.08,571.88,14221.34,9.49,2023,7,Evergreen,Seattle
CST000047,SHP000047,9436.56,600,1355.74,1015.87,2224.13,161.83,14794.13,4.06,2022,4,CMA CGM,Toronto
CST000048,SHP000048,7683.66,1400,934.16,1288.81,1304.26,668.28,13279.17,10.54,2023,1,ZIM,Houston
CST000049,SHP000049,21303.66,225,1518.98,739.47,2753.34,1540.62,28081.07,0.8,2023,9,Maersk,Los Angeles
CST000050,SHP000050,3055.63,0,1208.53,1474.05,2167.49,1848.13,9753.83,0.0,2023,9,Yang Ming,Seattle
CST000051,SHP000051,2311.52,0,1918.55,881.18,667.32,789.26,6567.83,0.0,2023,5,Hapag-Lloyd,Los Angeles
CST000052,SHP000052,18574.8,500,1461.53,525.02,1967.42,1539.8,24568.57,2.04,2023,8,Maersk,Chicago
CST000053,SHP000053,15008.3,0,838.29,1156.74,637.86,1549.71,19190.9,0.0,2023,6,MSC,Los Angeles
CST000054,SHP000054,8781.04,0,1651.85,851.51,1895.61,122.14,13302.15,0.0,2024,4,MSC,Chicago
CST000055,SHP000055,4498.42,0,922.34,1221.42,767.05,1087.37,8496.6,0.0,2022,7,HMM,Toronto
CST000056,SHP000056,24127.7,500,603.92,324.02,653.17,2346.61,28555.42,1.75,2024,11,Maersk,Seattle
CST000057,SHP000057,14931.28,750,830.35,1444.91,647.18,1504.4,20108.12,3.73,2023,10,ONE,Houston
CST000058,SHP000058,34670.07,2500,561.76,419.52,2205.19,137.62,40494.16,6.17,2023,6,ZIM,Houston
CST000059,SHP000059,28895.68,400,1036.73,477.19,2441.03,243.67,33494.3,1.19,2024,11,Yang Ming,New York
CST000060,SHP000060,5849.34,400,398.9,486.9,1619.7,188.08,8942.92,4.47,2022,9,Hapag-Lloyd,Seattle
CST000061,SHP000061,30690.18,19925,1522.97,862.46,1597.7,634.16,55232.47,36.07,2022,8,Evergreen,Seattle
CST000062,SHP000062,11990.7,1700,1923.47,311.12,2683.36,788.01,19396.66,8.76,2024,2,Evergreen,Los Angeles
CST000063,SHP000063,32011.68,0,521.21,1135.56,893.21,1157.76,35719.42,0.0,2023,8,COSCO,Toronto
CST000064,SHP000064,15869.0,250,1850.19,1125.06,1026.65,922.52,21043.42,1.19,2023,10,ONE,Seattle
CST000065,SHP000065,20283.8,1025,381.25,1390.14,1518.01,260.94,24859.14,4.12,2024,10,Yang Ming,Los Angeles
CST000066,SHP000066,10263.4,450,1879.26,501.54,2709.57,757.13,16560.9,2.72,2022,10,COSCO,Toronto
CST000067,SHP000067,22452.4,525,1528.84,674.41,2876.89,1361.3,29418.84,1.78,2024,9,COSCO,Houston
CST000068,SHP000068,1885.46,0,1971.23,578.56,666.86,820.54,5922.65,0.0,2023,9,MSC,Los Angeles
CST000069,SHP000069,21650.51,0,1992.1,627.25,1706.23,465.83,26441.92,0.0,2022,12,COSCO,Los Angeles
CST000070,SHP000070,16535.8,200,297.52,639.31,2517.25,595.76,20785.64,0.96,2024,7,Evergreen,Chicago
CST000071,SHP000071,27701.38,500,1122.27,1477.3,612.01,213.11,31626.07,1.58,2023,5,HMM,Miami
CST000072,SHP000072,4169.28,0,1316.64,768.94,2770.12,1243.39,10268.37,0.0,2022,2,ONE,Chicago
CST000073,SHP000073,1943.05,250,1631.97,721.11,2157.81,642.03,7345.97,3.4,2023,1,HMM,New York
CST000074,SHP000074,36386.1,600,1838.52,585.07,573.78,893.59,40877.06,1.47,2023,11,CMA CGM,Chicago
CST000075,SHP000075,2641.6,0,1983.26,571.72,2662.84,1267.78,9127.2,0.0,2023,8,CMA CGM,Seattle
CST000076,SHP000076,19736.82,300,1587.44,366.51,2534.85,1283.73,25809.35,1.16,2022,1,ONE,Miami
CST000077,SHP000077,25118.7,15750,990.29,787.13,1307.43,601.8,44555.35,35.35,2024,8,ONE,New York
CST000078,SHP000078,9837.2,75,783.78,1183.06,946.9,358.68,13184.62,0.57,2022,10,Hapag-Lloyd,Vancouver
CST000079,SHP000079,24623.28,1350,1948.94,436.7,2656.09,2784.54,33799.55,3.99,2024,5,Yang Ming,Houston
CST000080,SHP000080,16887.12,450,699.57,701.93,2253.19,2829.26,23821.07,1.89,2024,6,ONE,Seattle
CST000081,SHP000081,43930.5,475,1101.04,821.2,683.2,205.93,47216.87,1.01,2022,9,Yang Ming,New York
CST000082,SHP000082,11153.94,250,221.65,964.82,669.45,1818.97,15078.83,1.66,2023,3,CMA CGM,Vancouver
CST000083,SHP000083,11915.04,0,1134.73,1444.29,1632.71,89.27,16216.04,0.0,2022,8,CMA CGM,Los Angeles
CST000084,SHP000084,26969.04,1500,602.44,1230.92,1608.95,1014.35,32925.7,4.56,2022,5,CMA CGM,Vancouver
CST000085,SHP000085,23369.92,1525,1883.67,1084.22,1462.12,883.9,30208.83,5.05,2022,3,Maersk,Seattle
CST000086,SHP000086,28289.2,850,1697.89,460.06,775.53,444.45,32517.13,2.61,2022,5,MSC,Los Angeles
CST000087,SHP000087,9565.04,150,992.84,1491.48,1369.45,1546.79,15115.6,0.99,2022,7,Hapag-Lloyd,Miami
CST000088,SHP000088,10924.55,600,1095.91,737.0,2892.35,437.94,16687.75,3.6,2022,7,ZIM,Miami
CST000089,SHP000089,9197.37,150,872.27,974.56,1829.01,2664.46,15687.67,0.96,2024,6,MSC,Vancouver
CST000090,SHP000090,7099.92,0,680.49,411.13,2431.1,897.74,11520.38,0.0,2024,5,MSC,Houston
CST000091,SHP000091,27489.49,550,1412.53,999.05,2627.16,2339.35,35417.58,1.55,2024,1,Evergreen,Houston
CST000092,SHP000092,21048.45,200,1260.79,1086.96,2831.94,627.33,27055.47,0.74,2022,3,COSCO,Chicago
CST000093,SHP000093,8767.68,0,914.86,480.56,1497.92,782.66,12443.68,0.0,2022,10,HMM,Vancouver
CST000094,SHP000094,3293.68,0,244.92,759.45,967.72,719.12,5984.89,0.0,2022,4,Hapag-Lloyd,Vancouver
CST000095,SHP000095,8472.03,300,313.24,404.87,2500.85,2015.54,14006.53,2.14,2023,7,HMM,Miami
CST000096,SHP000096,7661.0,300,1770.6,836.08,2880.3,288.55,13736.53,2.18,2023,3,COSCO,Toronto
CST000097,SHP000097,19393.85,650,1253.05,869.55,1802.45,584.46,24553.36,2.65,2022,1,Hapag-Lloyd,Vancouver
CST000098,SHP000098,23883.5,16575,592.18,1302.13,931.65,1131.2,44415.66,37.32,2024,6,MSC,Toronto
CST000099,SHP000099,6756.48,0,680.81,1341.96,2518.09,1421.96,12719.3,0.0,2023,10,MSC,Toronto
CST000100,SHP000100,3247.8,0,1363.46,1102.85,2061.03,1293.37,9068.51,0.0,2024,3,HMM,Vancouver
CST000101,SHP000101,5767.8,750,1437.89,434.4,2844.79,358.0,11592.88,6.47,2022,10,Evergreen,Houston
CST000102,SHP000102,19489.36,1000,360.52,632.68,1441.77,553.69,23478.02,4.26,2023,10,ZIM,Seattle
CST000103,SHP000103,23263.68,0,1889.32,1265.44,1578.83,205.33,28202.6,0.0,2023,9,Maersk,Vancouver
CST000104,SHP000104,18231.12,950,472.1,469.36,2617.13,1358.76,24098.47,3.94,2022,3,HMM,Seattle
CST000105,SHP000105,35733.2,400,1825.31,1228.54,597.82,1289.14,41074.01,0.97,2024,10,MSC,Vancouver
CST000106,SHP000106,3720.14,0,370.6,1487.48,768.03,1367.15,7713.4,0.0,2024,3,ONE,Chicago
CST000107,SHP000107,12575.88,0,394.65,999.43,1606.82,769.02,16345.8,0.0,2023,6,MSC,Chicago
CST000108,SHP000108,10312.02,150,1163.44,352.27,2600.18,1512.75,16090.66,0.93,2024,2,HMM,Chicago
CST000109,SHP000109,6552.84,4900,1941.39,601.28,1618.59,466.51,16080.61,30.47,2023,1,Maersk,Chicago
CST000110,SHP000110,37934.6,1600,743.67,1099.23,2793.29,475.82,44646.61,3.58,2022,9,MSC,Houston
CST000111,SHP000111,7780.12,75,1673.73,1358.05,2523.74,2281.52,15692.16,0.48,2024,6,Yang Ming,New York
CST000112,SHP000112,11467.5,0,1127.59,885.04,2814.88,1216.37,17511.38,0.0,2023,8,ONE,Seattle
CST000113,SHP000113,5427.99,0,1510.09,925.43,545.29,1847.36,10256.16,0.0,2022,7,Maersk,Houston
CST000114,SHP000114,19652.94,75,1651.57,1029.63,529.8,1127.82,24066.76,0.31,2023,12,MSC,Seattle
CST000115,SHP000115,20971.85,375,1836.34,909.44,1866.27,765.98,26724.88,1.4,2022,7,Evergreen,Houston
CST000116,SHP000116,38509.56,1800,546.66,639.14,2598.38,1055.67,45149.41,3.99,2022,2,ZIM,Vancouver
CST000117,SHP000117,24913.2,75,260.0,1306.62,780.76,379.5,27715.08,0.27,2022,9,Hapag-Lloyd,Chicago
CST000118,SHP000118,10140.54,500,286.8,751.99,2872.18,643.07,15194.58,3.29,2022,10,COSCO,New York
CST000119,SHP000119,10431.06,600,1922.95,921.86,2559.0,121.98,16556.85,3.62,2024,3,ONE,Toronto
CST000120,SHP000120,11617.26,400,1643.62,1008.36,2086.91,2047.31,18803.46,2.13,2022,10,Evergreen,Houston
CST000121,SHP000121,16309.68,800,1600.21,1499.58,743.03,840.72,21793.22,3.67,2022,3,CMA CGM,Seattle
CST000122,SHP000122,4003.45,100,1223.11,801.62,2724.27,1067.35,9919.8,1.01,2022,3,Yang Ming,Chicago
CST000123,SHP000123,17273.44,75,335.16,1395.11,2700.24,2270.03,24048.98,0.31,2024,3,Yang Ming,Seattle
CST000124,SHP000124,19472.4,1900,1933.03,1295.35,2439.45,439.56,27479.79,6.91,2023,1,Yang Ming,Miami
CST000125,SHP000125,12710.95,900,406.55,1146.78,2310.22,1661.3,19135.8,4.7,2024,7,CMA CGM,Houston
CST000126,SHP000126,7430.08,500,1142.63,528.18,2443.31,125.62,12169.82,4.11,2022,3,Yang Ming,Los Angeles
CST000127,SHP000127,5847.02,0,1672.84,620.97,1773.12,1172.33,11086.28,0.0,2024,7,Yang Ming,Los Angeles
CST000128,SHP000128,11121.48,1425,1710.55,1001.75,2225.61,1291.02,18775.41,7.59,2022,2,Hapag-Lloyd,Vancouver
CST000129,SHP000129,12375.33,2250,334.73,506.6,511.25,1020.16,16998.07,13.24,2023,2,HMM,Seattle
CST000130,SHP000130,14667.21,325,200.88,568.91,2309.98,1497.97,19569.95,1.66,2023,9,ONE,Chicago
CST000131,SHP000131,2086.54,0,978.92,800.7,2217.12,852.6,6935.88,0.0,2024,1,ZIM,Houston
CST000132,SHP000132,18672.3,950,1822.71,443.98,1548.92,1510.73,24948.64,3.81,2022,9,Yang Ming,Vancouver
CST000133,SHP000133,7046.15,200,1731.12,1402.82,2079.3,507.04,12966.43,1.54,2024,10,CMA CGM,Miami
CST000134,SHP000134,15366.9,800,713.74,989.64,1363.41,154.67,19388.36,4.13,2023,5,COSCO,Vancouver
CST000135,SHP000135,17792.3,900,623.22,901.57,2188.53,448.53,22854.15,3.94,2023,11,HMM,Los Angeles
CST000136,SHP000136,13303.57,850,1368.64,777.52,1379.27,245.42,17924.42,4.74,2023,8,HMM,Seattle
CST000137,SHP000137,23924.94,0,459.5,1168.93,2830.18,973.49,29357.04,0.0,2024,8,ZIM,Seattle
CST000138,SHP000138,13738.4,200,542.05,1365.23,2422.16,382.48,18650.32,1.07,2023,10,CMA CGM,Vancouver
CST000139,SHP000139,14494.2,0,241.34,1495.41,2983.04,1458.42,20672.41,0.0,2022,11,HMM,New York
CST000140,SHP000140,6384.12,1700,1962.17,963.1,1722.99,581.48,13313.86,12.77,2022,2,ZIM,Seattle
CST000141,SHP000141,17458.9,0,1850.34,795.87,2731.5,1814.28,24650.89,0.0,2022,1,ZIM,Chicago
CST000142,SHP000142,29026.4,750,1223.32,1277.69,2831.09,544.98,35653.48,2.1,2024,1,Yang Ming,New York
CST000143,SHP000143,21560.22,0,652.33,952.91,796.43,595.79,24557.68,0.0,2024,3,MSC,Vancouver
CST000144,SHP000144,22417.74,525,1438.09,1326.29,1000.19,933.16,27640.47,1.9,2022,3,COSCO,Toronto
CST000145,SHP000145,24926.94,150,1792.12,343.36,1048.12,1115.76,29376.3,0.51,2024,3,ONE,Los Angeles
CST000146,SHP000146,3008.57,0,1668.04,635.1,851.9,688.57,6852.18,0.0,2022,8,Maersk,Houston
CST000147,SHP000147,3667.24,0,1126.92,723.44,1864.31,1920.5,9302.41,0.0,2022,12,Evergreen,Seattle
CST000148,SHP000148,18597.11,500,1261.12,318.21,2029.78,1101.42,23807.64,2.1,2024,5,Maersk,Houston
CST000149,SHP000149,18599.49,7975,1303.8,513.34,2160.76,848.84,31401.23,25.4,2024,9,CMA CGM,Houston
CST000150,SHP000150,17040.65,6500,1658.42,1442.25,1588.98,936.12,29166.42,22.29,2023,7,ZIM,New York
CST000151,SHP000151,28800.17,500,631.99,946.65,707.27,572.65,32158.73,1.55,2023,8,ZIM,Chicago
CST000152,SHP000152,12734.0,200,812.82,1386.93,806.91,1180.98,17121.64,1.17,2022,6,Hapag-Lloyd,Chicago
CST000153,SHP000153,14714.91,0,1531.15,1144.46,2998.64,794.74,21183.9,0.0,2023,5,Hapag-Lloyd,Vancouver
CST000154,SHP000154,22509.9,18825,1342.61,864.36,1902.56,2213.7,47658.13,39.5,2022,10,ONE,Vancouver
CST000155,SHP000155,11120.24,800,1911.74,493.2,2904.75,2105.22,19335.15,4.14,2023,8,Evergreen,Houston
CST000156,SHP000156,834.29,0,1730.36,461.04,1784.8,693.25,5503.74,0.0,2024,3,Yang Ming,Toronto
CST000157,SHP000157,4047.06,1150,1017.83,396.8,2932.9,1370.73,10915.32,10.54,2022,10,Hapag-Lloyd,Seattle
CST000158,SHP000158,18945.78,21525,1215.25,735.43,2785.43,167.76,45374.65,47.44,2023,1,Maersk,Chicago
CST000159,SHP000159,28711.2,2150,895.83,1210.08,1215.66,1826.27,36009.04,5.97,2023,5,CMA CGM,Houston
CST000160,SHP000160,15481.44,700,1598.5,1100.34,1193.93,1300.2,21374.41,3.27,2024,1,HMM,Chicago
CST000161,SHP000161,28532.96,750,1710.09,638.25,1116.77,717.05,33465.12,2.24,2023,3,MSC,Houston
CST000162,SHP000162,8387.62,600,1537.37,523.54,1095.83,375.91,12520.27,4.79,2022,6,ZIM,New York
CST000163,SHP000163,26086.6,600,1688.57,817.42,2157.45,1675.83,33025.87,1.82,2023,11,Evergreen,Los Angeles
CST000164,SHP000164,17380.7,900,1043.59,987.74,624.84,788.0,21724.87,4.14,2024,7,ZIM,Miami
CST000165,SHP000165,4257.96,75,1351.52,1451.64,1142.52,226.99,8505.63,0.88,2024,5,HMM,Toronto
CST000166,SHP000166,32140.8,12325,1342.55,1201.39,2281.08,1089.33,50380.15,24.46,2022,10,Hapag-Lloyd,Los Angeles
CST000167,SHP000167,10479.24,500,1391.36,373.82,503.84,382.11,13630.37,3.67,2022,8,COSCO,Houston
CST000168,SHP000168,8243.7,1375,650.58,1190.02,2615.46,308.5,14383.26,9.56,2024,12,Hapag-Lloyd,Miami
CST000169,SHP000169,24094.4,275,232.12,401.92,1865.64,1391.4,28260.48,0.97,2023,2,Yang Ming,New York
CST000170,SHP000170,8332.0,0,1056.22,1045.05,1364.48,1328.74,13126.49,0.0,2023,4,Maersk,Seattle
CST000171,SHP000171,9090.35,0,1759.67,1196.37,1206.25,733.15,13985.79,0.0,2023,9,HMM,New York
CST000172,SHP000172,16173.92,0,581.14,571.17,2039.91,424.6,19790.74,0.0,2023,12,Yang Ming,Toronto
CST000173,SHP000173,30665.67,13500,430.67,1362.09,1731.35,1102.08,48791.86,27.67,2023,9,ZIM,New York
CST000174,SHP000174,5563.7,0,526.62,847.43,1405.28,1968.23,10311.26,0.0,2023,11,Evergreen,New York
CST000175,SHP000175,11530.8,500,286.22,1494.15,2145.92,1865.76,17822.85,2.81,2023,1,Yang Ming,Vancouver
CST000176,SHP000176,11042.25,300,1779.08,524.04,749.52,1587.99,15982.88,1.88,2023,2,MSC,New York
CST000177,SHP000177,25098.12,500,1147.4,818.37,587.11,974.04,29125.04,1.72,2024,8,Hapag-Lloyd,Seattle
CST000178,SHP000178,13245.47,14925,541.29,576.35,2567.76,572.76,32428.63,46.02,2022,2,HMM,Los Angeles
CST000179,SHP000179,11379.68,13200,1161.61,950.42,1763.75,1284.71,29740.17,44.38,2023,11,HMM,Seattle
CST000180,SHP000180,2325.85,0,1660.4,318.98,2370.2,1985.13,8660.56,0.0,2022,5,COSCO,Los Angeles
CST000181,SHP000181,41771.8,1150,1031.82,1380.26,2064.64,1872.62,49271.14,2.33,2024,11,CMA CGM,New York
CST000182,SHP000182,34278.12,22500,1589.34,595.9,2158.47,1783.26,62905.09,35.77,2022,2,COSCO,Toronto
CST000183,SHP000183,7646.59,450,759.93,1203.38,639.94,1698.33,12398.17,3.63,2023,1,MSC,New York
CST000184,SHP000184,19915.0,825,1462.81,1166.72,1111.1,225.16,24705.79,3.34,2022,6,Evergreen,Chicago
CST000185,SHP000185,16538.84,5500,1147.2,589.62,2113.04,784.91,26673.61,20.62,2023,11,MSC,Miami
CST000186,SHP000186,4357.44,750,1983.4,1420.45,1276.22,706.39,10493.9,7.15,2023,7,Hapag-Lloyd,Vancouver
CST000187,SHP000187,11174.52,0,955.44,1098.2,2113.52,1539.46,16881.14,0.0,2024,3,Hapag-Lloyd,New York
CST000188,SHP000188,43329.8,2425,721.66,1195.36,1612.76,812.97,50097.55,4.84,2024,6,ONE,Vancouver
CST000189,SHP000189,9944.61,4575,1396.11,381.9,2984.16,1449.48,20731.26,22.07,2023,4,Hapag-Lloyd,Seattle
CST000190,SHP000190,10610.16,0,1617.31,558.3,1535.66,996.05,15317.48,0.0,2022,6,Hapag-Lloyd,Vancouver
CST000191,SHP000191,7183.86,150,1771.6,1343.67,1313.92,1411.52,13174.57,1.14,2024,1,Maersk,Seattle
CST000192,SHP000192,23974.56,0,1604.48,693.64,2462.96,78.4,28814.04,0.0,2023,12,MSC,Vancouver
CST000193,SHP000193,13122.8,1000,1950.25,437.72,1900.69,274.89,18686.35,5.35,2024,2,MSC,Los Angeles
CST000194,SHP000194,30816.7,9950,511.25,1443.43,1330.47,1096.38,45148.23,22.04,2022,6,Yang Ming,Seattle
CST000195,SHP000195,13036.6,150,357.29,636.94,1034.41,700.34,15915.58,0.94,2024,2,Maersk,Houston
CST000196,SHP000196,13148.4,18050,960.54,781.23,991.76,2337.09,36269.02,49.77,2023,10,ONE,Miami
CST000197,SHP000197,19378.7,150,1250.14,1360.01,1382.7,292.91,23814.46,0.63,2022,2,MSC,Los Angeles
CST000198,SHP000198,4923.1,0,1212.9,1046.74,1733.66,1192.52,10108.92,0.0,2023,6,CMA CGM,New York
CST000199,SHP000199,8492.7,1300,354.61,874.43,2067.61,826.34,13915.69,9.34,2024,1,COSCO,Toronto
CST000200,SHP000200,25781.22,1200,1757.24,462.17,609.98,1713.33,31523.94,3.81,2022,1,ONE,Vancouver
CST000201,SHP000201,3786.2,1950,421.99,1246.79,743.54,1396.99,9545.51,20.43,2024,10,ONE,Seattle
CST000202,SHP000202,15370.8,200,1108.3,789.36,1540.54,520.07,19529.07,1.02,2023,12,CMA CGM,Chicago
CST000203,SHP000203,12722.13,200,527.97,402.97,1721.11,1636.79,17210.97,1.16,2022,8,MSC,Toronto
CST000204,SHP000204,4468.89,1000,393.82,1340.45,2418.05,1701.15,11322.36,8.83,2024,5,COSCO,Houston
CST000205,SHP000205,7319.52,400,1217.11,777.05,745.39,1720.67,12179.74,3.28,2024,5,HMM,Seattle
CST000206,SHP000206,22020.4,475,1407.24,1265.48,2159.5,667.57,27995.19,1.7,2023,10,MSC,Houston
CST000207,SHP000207,20995.65,800,1483.71,1057.4,1382.59,1459.03,27178.38,2.94,2023,12,HMM,Vancouver
CST000208,SHP000208,20135.79,750,1820.38,627.48,2147.4,1213.2,26694.25,2.81,2022,8,MSC,Chicago
CST000209,SHP000209,5891.85,0,1412.1,1069.33,2691.43,1168.09,12232.8,0.0,2022,12,Yang Ming,Seattle
CST000210,SHP000210,18510.4,1000,1260.41,772.89,1373.93,1198.97,24116.6,4.15,2023,2,Maersk,Los Angeles
CST000211,SHP000211,16812.72,0,1314.48,1279.33,995.94,862.76,21265.23,0.0,2023,3,CMA CGM,Toronto
CST000212,SHP000212,3612.02,0,1989.39,437.96,810.74,905.51,7755.62,0.0,2023,7,COSCO,Vancouver
CST000213,SHP000213,4849.12,300,1537.3,376.74,2131.34,2713.62,11908.12,2.52,2022,3,MSC,Chicago
CST000214,SHP000214,2909.28,0,660.83,1210.64,1087.54,813.51,6681.8,0.0,2022,12,HMM,Miami
CST000215,SHP000215,13086.78,2600,977.63,747.77,1618.74,1567.43,20598.35,12.62,2023,8,CMA CGM,Chicago
CST000216,SHP000216,18277.0,750,999.7,600.83,2305.46,1581.12,24514.11,3.06,2022,10,CMA CGM,New York
CST000217,SHP000217,14894.22,900,898.4,1299.57,1337.02,1391.16,20720.37,4.34,2022,7,Yang Ming,Vancouver
CST000218,SHP000218,14348.72,7675,780.81,548.18,674.0,1338.34,25365.05,30.26,2022,5,MSC,Houston
CST000219,SHP000219,6881.92,550,1364.7,825.12,730.38,934.84,11286.96,4.87,2023,12,HMM,Seattle
CST000220,SHP000220,5726.8,200,1842.43,390.01,2738.6,885.09,11782.93,1.7,2023,2,ZIM,Miami
CST000221,SHP000221,1608.04,200,1761.41,335.82,2471.22,588.81,6965.3,2.87,2023,9,CMA CGM,Miami
CST000222,SHP000222,7702.47,2250,1388.65,991.71,588.08,718.17,13639.08,16.5,2022,1,Evergreen,Toronto
CST000223,SHP000223,9521.49,800,1993.61,771.64,2269.96,1264.96,16621.66,4.81,2023,9,MSC,Houston
CST000224,SHP000224,12610.83,0,1573.3,1299.03,1182.37,827.84,17493.37,0.0,2024,6,HMM,Los Angeles
CST000225,SHP000225,5150.43,4350,1720.43,1399.94,725.26,820.97,14167.03,30.71,2022,9,MSC,Los Angeles
CST000226,SHP000226,14268.08,75,1884.32,647.8,1075.66,588.79,18539.65,0.4,2023,9,HMM,Toronto
CST000227,SHP000227,4451.47,0,1100.81,1271.6,2456.59,2315.6,11596.07,0.0,2023,5,ZIM,Vancouver
CST000228,SHP000228,1702.08,0,592.44,717.92,993.06,729.29,4734.79,0.0,2022,12,HMM,Houston
CST000229,SHP000229,27714.33,1400,1725.62,987.39,2287.82,867.76,34982.92,4.0,2024,5,COSCO,Miami
CST000230,SHP000230,3895.26,0,786.66,834.59,2339.82,819.25,8675.58,0.0,2023,11,COSCO,Los Angeles
CST000231,SHP000231,16322.45,0,572.38,1175.15,1686.37,1431.64,21187.99,0.0,2022,8,Evergreen,Miami
CST000232,SHP000232,7088.8,0,368.51,366.46,1748.05,348.88,9920.7,0.0,2022,12,Maersk,Toronto
CST000233,SHP000233,31218.7,1325,603.2,1014.46,2529.23,1398.38,38088.97,3.48,2023,7,Maersk,Miami
CST000234,SHP000234,32942.5,725,682.45,1171.23,2372.91,467.57,38361.66,1.89,2024,1,Maersk,Los Angeles
CST000235,SHP000235,4386.48,750,329.56,1115.84,720.42,2135.19,9437.49,7.95,2022,4,Maersk,New York
CST000236,SHP000236,5829.36,0,1350.22,1028.99,2140.65,382.49,10731.71,0.0,2023,5,Yang Ming,Houston
CST000237,SHP000237,10055.05,100,625.76,1225.12,1487.15,1565.92,15059.0,0.66,2022,5,Evergreen,Miami
CST000238,SHP000238,35934.48,700,1849.75,700.49,2245.09,1189.56,42619.37,1.64,2023,5,Evergreen,Chicago
CST000239,SHP000239,4318.66,0,1244.17,1214.46,1957.67,57.93,8792.89,0.0,2022,2,CMA CGM,Miami
CST000240,SHP000240,5721.0,1650,1289.28,704.27,2721.68,1667.04,13753.27,12.0,2024,5,MSC,New York
CST000241,SHP000241,10304.5,100,1997.91,374.0,1484.66,1209.29,15470.36,0.65,2022,7,ONE,Vancouver
CST000242,SHP000242,4305.36,0,1479.81,441.74,2976.48,416.6,9619.99,0.0,2024,3,Hapag-Lloyd,Houston
CST000243,SHP000243,19130.94,1300,339.0,610.77,1613.33,1504.72,24498.76,5.31,2024,7,CMA CGM,Los Angeles
CST000244,SHP000244,9492.2,400,1533.74,1452.12,2280.76,1938.08,17096.9,2.34,2022,7,ZIM,Vancouver
CST000245,SHP000245,2745.0,0,1767.97,1307.13,1753.57,512.68,8086.35,0.0,2024,3,MSC,Houston
CST000246,SHP000246,3872.38,0,1533.61,736.73,2658.88,2465.95,11267.55,0.0,2024,8,COSCO,Vancouver
CST000247,SHP000247,30355.28,1000,1772.56,1125.39,1691.05,310.97,36255.25,2.76,2023,6,Yang Ming,Vancouver
CST000248,SHP000248,23295.23,2300,1407.49,595.61,1539.04,612.95,29750.32,7.73,2022,12,Maersk,Toronto
CST000249,SHP000249,12779.72,600,1068.92,1054.33,907.97,1364.16,17775.1,3.38,2022,11,Hapag-Lloyd,Seattle
CST000250,SHP000250,15496.65,600,770.43,1199.16,1481.42,1910.83,21458.49,2.8,2024,2,Maersk,Chicago
CST000251,SHP000251,12604.27,1250,1454.55,701.57,1245.5,163.38,17419.27,7.18,2024,9,Yang Ming,Seattle
CST000252,SHP000252,3434.14,2900,1485.61,344.32,722.93,380.77,9267.77,31.29,2024,8,Maersk,Toronto
CST000253,SHP000253,25090.38,1225,1258.07,1026.19,2022.46,169.15,30791.25,3.98,2022,12,Evergreen,Houston
CST000254,SHP000254,2015.64,0,372.98,650.93,1872.73,1832.36,6744.64,0.0,2024,10,HMM,New York
CST000255,SHP000255,6122.16,600,1893.4,311.36,2142.14,408.78,11477.84,5.23,2023,2,ZIM,Houston
CST000256,SHP000256,9968.15,800,590.4,1134.5,762.17,2893.31,16148.53,4.95,2024,2,COSCO,Vancouver
CST000257,SHP000257,6355.95,0,903.97,986.31,1677.41,1131.13,11054.77,0.0,2023,4,ONE,Houston
CST000258,SHP000258,10563.04,0,235.48,377.21,1586.4,1584.41,14346.54,0.0,2023,10,HMM,Los Angeles
CST000259,SHP000259,13459.0,850,1164.34,390.89,1749.31,446.98,18060.52,4.71,2023,11,ONE,Vancouver
CST000260,SHP000260,14696.92,450,443.73,1029.03,668.5,622.81,17910.99,2.51,2024,5,Maersk,Seattle
CST000261,SHP000261,21605.75,1350,1460.69,1075.38,657.81,262.77,26412.4,5.11,2022,5,Evergreen,Seattle
CST000262,SHP000262,9141.24,300,1633.69,1203.47,1682.3,1078.93,15039.63,1.99,2023,11,CMA CGM,Vancouver
CST000263,SHP000263,1967.3,0,1832.95,703.2,2000.09,777.23,7280.77,0.0,2024,4,ONE,New York
CST000264,SHP000264,25772.2,250,1446.9,733.84,824.12,297.58,29324.64,0.85,2024,5,Maersk,Toronto
CST000265,SHP000265,5686.05,0,1201.47,1101.82,2674.07,1585.39,12248.8,0.0,2022,8,Hapag-Lloyd,Seattle
CST000266,SHP000266,8185.5,600,550.93,1240.6,878.4,395.36,11850.79,5.06,2024,7,Yang Ming,Los Angeles
CST000267,SHP000267,26796.7,1250,1600.85,1156.2,2020.88,647.19,33471.82,3.73,2024,4,MSC,Houston
CST000268,SHP000268,26221.59,20200,623.97,1440.63,1857.92,1015.77,51359.88,39.33,2023,9,HMM,Seattle
CST000269,SHP000269,2873.7,600,1302.44,424.64,2315.5,172.71,7688.99,7.8,2022,12,CMA CGM,Seattle
CST000270,SHP000270,18060.03,1200,1645.09,1018.35,1524.85,615.05,24063.37,4.99,2022,5,CMA CGM,Houston
CST000271,SHP000271,36060.0,200,481.97,931.5,1274.51,2333.14,41281.12,0.48,2024,4,HMM,Vancouver
CST000272,SHP000272,30531.6,0,678.95,632.38,1399.84,91.38,33334.15,0.0,2024,4,MSC,Houston
CST000273,SHP000273,33656.72,800,1432.01,1376.24,1113.47,2270.23,40648.67,1.97,2024,3,CMA CGM,Toronto
CST000274,SHP000274,29311.28,500,1861.94,447.48,1876.57,605.63,34602.9,1.44,2024,10,Hapag-Lloyd,Chicago
CST000275,SHP000275,23026.56,1000,1431.73,931.6,622.79,1122.0,28134.68,3.55,2023,3,MSC,Seattle
CST000276,SHP000276,15587.24,0,768.97,1188.04,2547.06,827.73,20919.04,0.0,2024,12,Hapag-Lloyd,Los Angeles
CST000277,SHP000277,6640.7,0,1550.3,1196.61,1346.05,342.03,11075.69,0.0,2024,1,ONE,Chicago
CST000278,SHP000278,17855.8,800,221.56,935.74,772.18,1496.18,22081.46,3.62,2023,12,ZIM,Seattle
CST000279,SHP000279,16054.35,0,1355.15,1367.58,2559.25,1060.7,22397.03,0.0,2023,3,Yang Ming,Los Angeles
CST000280,SHP000280,17185.7,450,1085.28,1459.44,1134.1,1354.04,22668.56,1.99,2023,4,CMA CGM,Toronto
CST000281,SHP000281,34649.55,1550,1258.89,835.84,2528.3,1051.04,41873.62,3.7,2023,6,Yang Ming,Seattle
CST000282,SHP000282,15851.0,0,1918.6,752.31,2575.19,2233.23,23330.33,0.0,2023,9,COSCO,Chicago
CST000283,SHP000283,3224.98,0,732.22,1215.35,1105.59,1435.06,7713.2,0.0,2022,4,Evergreen,New York
CST000284,SHP000284,33233.2,1550,740.63,833.06,1191.26,1478.52,39026.67,3.97,2023,1,Yang Ming,Toronto
CST000285,SHP000285,32605.2,300,1953.32,538.36,1698.78,624.35,37720.01,0.8,2022,7,CMA CGM,Chicago
CST000286,SHP000286,18879.9,0,466.21,1251.86,2828.39,1597.79,25024.15,0.0,2023,9,Evergreen,New York
CST000287,SHP000287,7000.21,0,1806.56,902.4,2040.33,989.49,12738.99,0.0,2023,2,HMM,Seattle
CST000288,SHP000288,16245.84,1250,200.93,562.29,1225.42,2072.19,21556.67,5.8,2022,10,ONE,Seattle
CST000289,SHP000289,29642.24,400,1349.87,593.85,2967.36,870.28,35823.6,1.12,2023,3,Maersk,Chicago
CST000290,SHP000290,13840.47,200,1934.53,438.36,1224.48,662.88,18300.72,1.09,2024,5,Yang Ming,Miami
CST000291,SHP000291,11728.44,0,1340.11,603.0,826.41,270.56,14768.52,0.0,2022,1,COSCO,Toronto
CST000292,SHP000292,27059.13,575,1323.76,1337.16,2103.99,687.78,33086.82,1.74,2022,4,Hapag-Lloyd,Vancouver
CST000293,SHP000293,4744.2,0,1271.31,623.62,2873.69,139.77,9652.59,0.0,2022,12,ZIM,New York
CST000294,SHP000294,44803.2,600,625.24,1464.29,1444.12,1455.69,50392.54,1.19,2024,2,MSC,Toronto
CST000295,SHP000295,4680.99,0,1551.93,1422.96,1951.5,1552.31,11159.69,0.0,2024,2,MSC,Seattle
CST000296,SHP000296,12356.2,750,367.64,1201.65,1711.72,386.5,16773.71,4.47,2022,10,Yang Ming,Chicago
CST000297,SHP000297,6966.9,1050,899.96,737.81,2034.99,1307.6,12997.26,8.08,2024,12,Evergreen,Chicago
CST000298,SHP000298,10814.64,775,1148.88,928.77,2515.6,272.77,16455.66,4.71,2022,1,ONE,Toronto
CST000299,SHP000299,7617.52,200,1272.07,1115.97,2757.9,2416.07,15379.53,1.3,2024,7,MSC,New York
CST000300,SHP000300,12737.1,400,1014.83,593.69,2499.47,1036.07,18281.16,2.19,2022,7,ONE,Vancouver
CST000301,SHP000301,14446.24,800,655.7,614.93,2895.24,1018.4,20430.51,3.92,2023,1,MSC,Houston
CST000302,SHP000302,25859.0,825,1878.87,377.42,1587.85,1587.56,32115.7,2.57,2022,5,CMA CGM,Los Angeles
CST000303,SHP000303,17013.85,16225,776.24,706.74,1127.44,215.21,36064.48,44.99,2022,3,HMM,Houston
CST000304,SHP000304,10332.56,150,699.8,826.31,894.53,873.25,13776.45,1.09,2024,11,COSCO,Houston
CST000305,SHP000305,15890.8,13225,1113.66,918.26,1610.94,643.8,33402.46,39.59,2022,11,COSCO,Toronto
CST000306,SHP000306,24579.6,2000,1666.68,1242.54,2793.64,1004.35,33286.81,6.01,2024,4,COSCO,Miami
CST000307,SHP000307,7205.67,750,1186.91,975.34,1797.87,226.92,12142.71,6.18,2022,7,MSC,Toronto
CST000308,SHP000308,16226.4,1125,1087.0,1344.57,1844.67,2295.71,23923.35,4.7,2023,11,Hapag-Lloyd,Seattle
CST000309,SHP000309,14132.3,600,428.3,524.88,1986.62,923.24,18595.34,3.23,2022,7,ONE,Vancouver
CST000310,SHP000310,4987.04,0,251.24,371.68,1972.99,1409.18,8992.13,0.0,2024,4,CMA CGM,Los Angeles
CST000311,SHP000311,19938.72,250,831.22,435.97,1075.29,1002.7,23533.9,1.06,2024,4,Evergreen,Vancouver
CST000312,SHP000312,10079.19,250,855.78,338.9,2323.39,243.84,14091.1,1.77,2024,6,ZIM,Toronto
CST000313,SHP000313,26344.92,600,603.41,663.5,962.26,872.77,30046.86,2.0,2024,5,Yang Ming,Miami
CST000314,SHP000314,16702.3,200,1747.51,1187.26,1673.37,2739.64,24250.08,0.82,2023,3,Yang Ming,Houston
CST000315,SHP000315,23062.9,500,539.2,581.15,2844.34,2536.16,30063.75,1.66,2023,12,COSCO,Vancouver
CST000316,SHP000316,1539.64,0,1594.6,1215.6,1340.59,1071.07,6761.5,0.0,2022,2,Yang Ming,Vancouver
CST000317,SHP000317,9433.44,1000,1779.11,533.7,2284.2,1946.12,16976.57,5.89,2023,8,Hapag-Lloyd,Toronto
CST000318,SHP000318,30378.6,3250,1050.15,1419.24,2552.9,2287.32,40938.21,7.94,2024,11,COSCO,New York
CST000319,SHP000319,28224.8,5250,236.25,775.14,2526.38,1251.13,38263.7,13.72,2023,2,Maersk,Chicago
CST000320,SHP000320,2385.48,0,1514.42,444.05,1508.35,578.88,6431.18,0.0,2023,1,ZIM,Vancouver
CST000321,SHP000321,18050.76,0,1082.16,886.55,2073.01,1778.59,23871.07,0.0,2023,11,HMM,Toronto
CST000322,SHP000322,12507.03,950,1107.65,1331.48,865.75,1359.99,18121.9,5.24,2023,10,ZIM,Vancouver
CST000323,SHP000323,27628.5,800,1056.97,528.41,2629.85,1843.93,34487.66,2.32,2023,11,ONE,New York
CST000324,SHP000324,4455.48,0,285.32,1418.36,1639.14,1217.74,9016.04,0.0,2023,5,ONE,New York
CST000325,SHP000325,16208.46,4500,1663.32,1169.68,2669.1,2558.69,28769.25,15.64,2024,9,COSCO,Seattle
CST000326,SHP000326,11158.76,0,941.45,983.06,2143.37,2146.74,17373.38,0.0,2023,3,COSCO,Vancouver
CST000327,SHP000327,11215.77,1000,1105.84,691.08,1337.44,593.1,15943.23,6.27,2023,11,CMA CGM,Seattle
CST000328,SHP000328,23038.47,750,1783.0,366.3,2106.47,867.77,28912.01,2.59,2024,7,Hapag-Lloyd,Miami
CST000329,SHP000329,15221.45,500,854.84,355.64,2260.64,698.75,19891.32,2.51,2024,1,HMM,Vancouver
CST000330,SHP000330,17022.78,1600,482.74,1031.76,2932.54,1943.45,25013.27,6.4,2022,11,Yang Ming,Seattle
CST000331,SHP000331,25432.56,175,1592.11,332.64,704.22,374.05,28610.58,0.61,2022,3,Maersk,Vancouver
CST000332,SHP000332,7595.05,0,1301.88,1152.8,2224.34,287.89,12561.96,0.0,2022,11,Evergreen,Los Angeles
CST000333,SHP000333,26026.0,1650,840.25,838.37,895.85,575.35,30825.82,5.35,2023,8,COSCO,Vancouver
CST000334,SHP000334,32398.6,350,627.68,699.08,1260.72,819.94,36156.02,0.97,2023,2,MSC,Vancouver
CST000335,SHP000335,13740.56,0,832.21,899.85,669.22,1241.27,17383.11,0.0,2024,5,HMM,Houston
CST000336,SHP000336,22729.52,0,565.93,961.37,2426.62,531.64,27215.08,0.0,2024,8,CMA CGM,Seattle
CST000337,SHP000337,3806.78,0,1619.18,497.51,2503.87,978.81,9406.15,0.0,2023,6,Hapag-Lloyd,New York
CST000338,SHP000338,35129.4,100,363.01,1355.12,2466.31,879.74,40293.58,0.25,2022,11,Maersk,Seattle
CST000339,SHP000339,33314.0,100,1028.64,341.16,1765.05,1539.94,38088.79,0.26,2024,1,COSCO,Miami
CST000340,SHP000340,13259.76,900,212.86,695.2,1288.56,421.88,16778.26,5.36,2024,9,CMA CGM,Los Angeles
CST000341,SHP000341,7091.58,1900,1191.12,302.66,989.49,1730.29,13205.14,14.39,2024,8,Evergreen,Miami
CST000342,SHP000342,5423.3,0,1313.46,872.66,1593.45,584.31,9787.18,0.0,2024,2,HMM,Miami
CST000343,SHP000343,7282.89,0,1314.58,745.15,2423.56,666.27,12432.45,0.0,2024,9,Yang Ming,Houston
CST000344,SHP000344,6492.22,0,1952.74,719.04,2493.76,1200.31,12858.07,0.0,2022,11,Evergreen,Los Angeles
CST000345,SHP000345,1273.17,0,935.74,798.49,954.18,1567.95,5529.53,0.0,2023,3,ZIM,Seattle
CST000346,SHP000346,21123.34,625,1162.51,681.09,1868.77,1232.66,26693.37,2.34,2022,12,Maersk,Toronto
CST000347,SHP000347,21161.7,500,1606.5,1293.53,957.9,2197.42,27717.05,1.8,2024,8,MSC,Seattle
CST000348,SHP000348,8797.52,0,1137.25,700.32,1624.49,483.76,12743.34,0.0,2023,12,COSCO,Los Angeles
CST000349,SHP000349,4047.68,800,1202.14,486.71,1221.96,1620.63,9379.12,8.53,2022,7,COSCO,Los Angeles
CST000350,SHP000350,11543.7,7950,1232.31,672.22,1056.74,980.19,23435.16,33.92,2024,6,ZIM,Toronto
CST000351,SHP000351,3696.18,225,634.4,1344.96,1565.26,1222.35,8688.15,2.59,2022,10,HMM,Miami
CST000352,SHP000352,13378.96,75,263.61,1448.87,1429.95,501.18,17097.57,0.44,2024,12,Evergreen,Toronto
CST000353,SHP000353,22348.3,100,934.39,612.97,2803.32,602.2,27401.18,0.36,2023,6,CMA CGM,Chicago
CST000354,SHP000354,21987.12,4925,1748.64,1234.04,2407.4,1223.75,33525.95,14.69,2024,1,COSCO,Los Angeles
CST000355,SHP000355,22578.96,100,962.09,494.26,1839.33,1172.37,27147.01,0.37,2022,7,Evergreen,Los Angeles
CST000356,SHP000356,3546.88,0,1400.08,355.11,1497.73,789.1,7588.9,0.0,2022,10,Yang Ming,Vancouver
CST000357,SHP000357,15788.4,0,1992.23,719.88,1389.32,2400.32,22290.15,0.0,2022,4,Yang Ming,Chicago
CST000358,SHP000358,4409.89,0,1523.02,1204.08,1317.86,159.13,8613.98,0.0,2022,12,Evergreen,New York
CST000359,SHP000359,17433.55,2400,205.41,1432.13,2393.04,1358.85,25222.98,9.52,2023,2,ONE,Miami
CST000360,SHP000360,7238.15,600,995.45,1380.24,827.1,1568.59,12609.53,4.76,2023,2,ONE,New York
CST000361,SHP000361,17255.2,1325,728.6,514.6,2221.11,1226.53,23271.04,5.69,2022,8,COSCO,Houston
CST000362,SHP000362,3507.86,5600,1159.75,1037.82,1755.48,467.04,13527.95,41.4,2024,7,ZIM,Houston
CST000363,SHP000363,4552.08,0,1330.73,1394.33,2514.81,1566.24,11358.19,0.0,2024,11,ONE,Houston
CST000364,SHP000364,12913.02,2050,472.25,711.13,1759.63,1755.87,19661.9,10.43,2023,10,COSCO,Seattle
CST000365,SHP000365,15577.76,500,1611.54,1055.14,616.16,404.75,19765.35,2.53,2023,6,Evergreen,New York
CST000366,SHP000366,32984.4,725,718.63,436.97,2482.43,1038.87,38386.3,1.89,2022,3,MSC,Toronto
CST000367,SHP000367,33815.7,1075,306.68,860.3,2874.95,1273.85,40206.48,2.67,2024,3,ZIM,Chicago
CST000368,SHP000368,15743.28,2000,1243.74,440.33,1447.44,118.66,20993.45,9.53,2022,12,COSCO,Miami
CST000369,SHP000369,7187.24,0,413.99,1219.83,2555.34,1125.81,12502.21,0.0,2024,1,HMM,Houston
CST000370,SHP000370,12842.41,0,1343.38,1055.62,2923.02,260.36,18424.79,0.0,2023,3,CMA CGM,Miami
CST000371,SHP000371,7650.15,0,1366.23,319.98,1188.73,137.89,10662.98,0.0,2023,4,Evergreen,Chicago
CST000372,SHP000372,8163.47,17875,841.33,350.51,2679.2,333.16,30242.67,59.11,2023,9,CMA CGM,Seattle
CST000373,SHP000373,38230.38,225,1193.59,340.7,2101.8,641.05,42732.52,0.53,2023,11,ZIM,Seattle
CST000374,SHP000374,23433.57,2350,434.22,873.07,1515.34,2086.92,30693.12,7.66,2022,12,MSC,New York
CST000375,SHP000375,29150.6,850,1321.35,344.57,2127.04,1387.75,35181.31,2.42,2022,10,HMM,Seattle
CST000376,SHP000376,31851.8,1750,1621.34,1048.58,1330.08,707.14,38308.94,4.57,2023,10,CMA CGM,New York
CST000377,SHP000377,12997.92,400,1530.38,1322.76,2123.69,1898.55,20273.3,1.97,2022,12,HMM,Miami
CST000378,SHP000378,3652.45,0,273.3,1113.3,2471.28,979.15,8489.48,0.0,2022,7,CMA CGM,Vancouver
CST000379,SHP000379,12198.45,500,1212.36,784.14,1718.1,466.33,16879.38,2.96,2024,3,Hapag-Lloyd,Vancouver
CST000380,SHP000380,14148.1,11100,747.92,690.25,1774.97,443.69,28904.93,38.4,2023,10,Maersk,Houston
CST000381,SHP000381,15109.68,0,1072.12,928.77,1052.33,798.11,18961.01,0.0,2024,12,HMM,Miami
CST000382,SHP000382,6217.11,225,1608.23,1227.35,2677.94,1157.93,13113.56,1.72,2022,1,Hapag-Lloyd,Chicago
CST000383,SHP000383,2828.39,0,669.14,1076.28,2679.92,509.88,7763.61,0.0,2024,5,ZIM,Toronto
CST000384,SHP000384,21795.9,925,1693.64,788.37,2255.87,1266.72,28725.5,3.22,2024,3,Yang Ming,Los Angeles
CST000385,SHP000385,6313.0,400,263.39,348.75,587.17,1091.51,9003.82,4.44,2023,1,Hapag-Lloyd,Miami
CST000386,SHP000386,13192.89,875,1265.06,1437.74,1871.93,491.78,19134.4,4.57,2022,2,ZIM,Houston
CST000387,SHP000387,13669.81,2650,1951.21,1382.64,1875.34,2040.89,23569.89,11.24,2022,11,Maersk,Vancouver
CST000388,SHP000388,5619.62,800,1638.26,800.54,2079.92,597.33,11535.67,6.94,2022,10,Maersk,Vancouver
CST000389,SHP000389,1536.97,0,388.08,312.29,1938.38,912.47,5088.19,0.0,2024,2,Maersk,New York
CST000390,SHP000390,3555.48,0,987.55,977.55,1754.9,1084.49,8359.97,0.0,2023,10,Evergreen,Miami
CST000391,SHP000391,14004.9,3725,332.33,1289.56,2881.02,418.44,22651.25,16.45,2024,1,ZIM,New York
CST000392,SHP000392,26776.8,1325,408.27,777.6,1515.71,407.62,31211.0,4.25,2022,1,MSC,New York
CST000393,SHP000393,10184.73,900,1209.71,567.45,544.55,2177.83,15584.27,5.78,2023,11,CMA CGM,Vancouver
CST000394,SHP000394,20881.68,0,1182.03,755.67,771.45,392.26,23983.09,0.0,2024,6,Evergreen,Houston
CST000395,SHP000395,14549.6,0,372.67,365.58,1452.56,1386.51,18126.92,0.0,2023,1,ZIM,Seattle
CST000396,SHP000396,3670.9,0,1869.46,762.07,883.66,996.78,8182.87,0.0,2023,8,MSC,Seattle
CST000397,SHP000397,10956.24,800,401.06,1339.3,1047.59,635.57,15179.76,5.27,2023,10,HMM,New York
CST000398,SHP000398,1923.96,0,994.48,1012.2,1631.07,1264.99,6826.7,0.0,2024,4,HMM,Houston
CST000399,SHP000399,22640.17,0,1760.48,1243.96,2860.23,1191.39,29696.23,0.0,2023,1,Evergreen,Seattle
CST000400,SHP000400,5063.64,400,1870.19,1250.14,2097.19,1894.47,12575.63,3.18,2022,5,Maersk,New York
CST000401,SHP000401,8590.06,0,1078.91,736.63,1888.43,2177.05,14471.08,0.0,2023,6,Yang Ming,Toronto
CST000402,SHP000402,8598.51,0,1365.61,1040.27,1628.38,1121.3,13754.07,0.0,2023,1,Evergreen,New York
CST000403,SHP000403,18439.2,550,616.77,564.57,2396.11,510.28,23076.93,2.38,2022,8,ONE,Miami
CST000404,SHP000404,18306.78,400,369.29,809.16,2734.52,786.8,23406.55,1.71,2024,2,ONE,Houston
CST000405,SHP000405,4436.94,0,1888.08,1292.37,1162.64,1734.87,10514.9,0.0,2024,7,COSCO,Houston
CST000406,SHP000406,21003.55,450,654.45,405.08,1543.48,575.23,24631.79,1.83,2023,3,Hapag-Lloyd,Chicago
CST000407,SHP000407,24549.66,0,676.84,1219.27,1424.95,534.58,28405.3,0.0,2024,7,CMA CGM,Toronto
CST000408,SHP000408,38322.1,1500,711.07,714.0,2148.99,348.64,43744.8,3.43,2022,6,MSC,New York
CST000409,SHP000409,29693.37,9500,458.18,1383.51,1535.22,360.64,42930.92,22.13,2022,4,HMM,Vancouver
CST000410,SHP000410,6027.84,0,1511.12,742.93,715.78,1672.66,10670.33,0.0,2023,9,Maersk,Toronto
CST000411,SHP000411,3867.3,0,1232.04,1360.17,2588.06,367.8,9415.37,0.0,2023,3,Yang Ming,Vancouver
CST000412,SHP000412,10858.56,1050,1672.04,969.25,1135.73,1019.82,16705.4,6.29,2022,6,COSCO,Chicago
CST000413,SHP000413,20001.18,1650,1691.28,462.04,2007.35,1565.41,27377.26,6.03,2023,5,Yang Ming,New York
CST000414,SHP000414,3647.82,0,1654.35,833.09,1985.57,603.25,8724.08,0.0,2023,1,Yang Ming,Houston
CST000415,SHP000415,10810.83,0,1524.7,674.95,934.05,1677.63,15622.16,0.0,2022,4,ZIM,Seattle
CST000416,SHP000416,7073.36,450,950.41,1146.04,1714.61,576.61,11911.03,3.78,2022,1,Evergreen,Chicago
CST000417,SHP000417,8647.92,600,417.92,823.87,2612.15,590.32,13692.18,4.38,2022,10,Evergreen,Seattle
CST000418,SHP000418,16265.15,0,206.12,504.43,2234.48,1266.39,20476.57,0.0,2024,8,HMM,Toronto
CST000419,SHP000419,15559.5,7775,544.31,485.91,1383.05,1093.01,26840.78,28.97,2023,4,Maersk,Miami
CST000420,SHP000420,18044.64,1050,1202.58,472.05,2861.64,485.89,24116.8,4.35,2022,3,Evergreen,Toronto
CST000421,SHP000421,28661.43,250,1696.02,549.39,1139.58,1026.65,33323.07,0.75,2024,10,ONE,New York
CST000422,SHP000422,19086.62,0,1438.28,713.61,2606.16,1493.19,25337.86,0.0,2023,12,Hapag-Lloyd,Los Angeles
CST000423,SHP000423,12856.6,0,832.83,1415.68,2676.83,1358.58,19140.52,0.0,2023,10,Evergreen,Miami
CST000424,SHP000424,38788.47,1250,1590.92,1339.53,1348.17,281.98,44599.07,2.8,2022,10,Hapag-Lloyd,Miami
CST000425,SHP000425,6811.2,225,1824.71,903.98,654.4,642.07,11061.36,2.03,2024,4,Maersk,Miami
CST000426,SHP000426,10368.96,500,1365.02,930.71,929.81,876.45,14970.95,3.34,2023,4,Maersk,New York
CST000427,SHP000427,2311.78,0,481.44,386.19,1478.23,1369.24,6026.88,0.0,2024,8,CMA CGM,Seattle
CST000428,SHP000428,24042.42,9975,258.71,1096.75,2141.44,1271.73,38786.05,25.72,2022,5,Evergreen,New York
CST000429,SHP000429,30879.52,750,1153.1,426.38,2457.54,117.64,35784.18,2.1,2024,3,Maersk,Houston
CST000430,SHP000430,28505.89,1250,1045.75,841.56,1109.61,2164.07,34916.88,3.58,2024,3,COSCO,Toronto
CST000431,SHP000431,9077.04,500,425.67,836.59,2302.5,987.09,14128.89,3.54,2022,4,CMA CGM,Chicago
CST000432,SHP000432,23873.36,700,981.95,1037.29,2778.8,1880.75,31252.15,2.24,2024,4,COSCO,Miami
CST000433,SHP000433,25168.56,0,1747.85,996.76,2611.31,330.83,30855.31,0.0,2022,12,MSC,Houston
CST000434,SHP000434,4199.58,1750,1167.37,835.62,2265.96,469.4,10687.93,16.37,2024,2,HMM,Miami
CST000435,SHP000435,3103.47,800,1250.43,481.26,1937.94,446.42,8019.52,9.98,2023,8,Hapag-Lloyd,Seattle
CST000436,SHP000436,18540.48,1000,1299.03,1244.84,1003.13,248.11,23335.59,4.29,2023,5,ZIM,Seattle
CST000437,SHP000437,5615.22,300,1346.97,893.89,2970.47,2289.34,13415.89,2.24,2022,4,Evergreen,New York
CST000438,SHP000438,15305.15,5450,1550.48,783.94,1761.58,1709.82,26560.97,20.52,2022,4,Hapag-Lloyd,Vancouver
CST000439,SHP000439,12982.26,450,1286.37,1351.98,2774.56,680.86,19526.03,2.3,2024,1,COSCO,Seattle
CST000440,SHP000440,10090.35,200,927.81,807.23,1597.85,887.38,14510.62,1.38,2024,8,COSCO,Chicago
CST000441,SHP000441,42554.0,75,1573.86,338.1,689.11,1230.63,46460.7,0.16,2024,12,HMM,Vancouver
CST000442,SHP000442,21783.28,1900,1483.7,1232.44,2685.74,1279.28,30364.44,6.26,2024,12,HMM,Chicago
CST000443,SHP000443,7057.26,0,1274.37,709.85,1256.02,698.98,10996.48,0.0,2023,2,HMM,Chicago
CST000444,SHP000444,8706.7,1550,1198.24,940.81,973.53,137.75,13507.03,11.48,2023,12,Yang Ming,Houston
CST000445,SHP000445,30791.8,700,774.02,1467.36,2853.49,190.75,36777.42,1.9,2022,8,COSCO,Toronto
CST000446,SHP000446,32804.96,300,1121.76,426.48,1507.04,1165.66,37325.9,0.8,2024,8,ONE,Seattle
CST000447,SHP000447,22549.68,0,220.4,599.44,837.93,997.86,25205.31,0.0,2023,10,Yang Ming,Chicago
CST000448,SHP000448,30410.5,0,414.62,1016.39,1751.83,609.49,34202.83,0.0,2023,11,CMA CGM,Toronto
CST000449,SHP000449,30951.92,15075,1527.69,1037.52,2683.39,982.14,52257.66,28.85,2024,4,ONE,Chicago
CST000450,SHP000450,3756.39,0,329.53,724.33,2437.23,2125.35,9372.83,0.0,2022,3,CMA CGM,Houston
CST000451,SHP000451,29734.65,0,633.75,880.83,2772.72,302.68,34324.63,0.0,2023,11,ONE,Chicago
CST000452,SHP000452,32719.92,24500,642.93,1270.94,2650.64,319.51,62103.94,39.45,2023,9,Yang Ming,Toronto
CST000453,SHP000453,17827.65,225,352.03,1108.5,2437.25,480.61,22431.04,1.0,2023,10,HMM,New York
CST000454,SHP000454,3128.68,0,956.43,520.02,2289.31,653.23,7547.67,0.0,2022,8,CMA CGM,Chicago
CST000455,SHP000455,16800.84,0,721.47,345.45,852.87,277.45,18998.08,0.0,2022,12,CMA CGM,New York
CST000456,SHP000456,40977.2,375,1375.44,1271.69,1277.35,1881.66,47158.34,0.8,2022,4,Maersk,Miami
CST000457,SHP000457,7615.1,0,1193.95,1026.15,861.52,2630.03,13326.75,0.0,2023,2,ONE,Houston
CST000458,SHP000458,17548.0,400,806.4,1065.99,1875.66,945.75,22641.8,1.77,2024,8,ZIM,Seattle
CST000459,SHP000459,20052.72,750,1763.89,1372.51,2904.17,254.42,27097.71,2.77,2022,3,ONE,Seattle
CST000460,SHP000460,7463.98,600,1625.73,593.66,607.78,1018.58,11909.73,5.04,2024,4,HMM,Vancouver
CST000461,SHP000461,15245.96,150,317.11,935.24,582.91,1006.5,18237.72,0.82,2022,11,Yang Ming,New York
CST000462,SHP000462,16031.2,0,1064.12,1036.26,1954.84,406.39,20492.81,0.0,2022,6,ONE,Los Angeles
CST000463,SHP000463,1134.97,0,231.79,463.14,2037.82,1691.12,5558.84,0.0,2022,8,Hapag-Lloyd,Vancouver
CST000464,SHP000464,12191.76,500,266.91,1498.6,1694.03,1190.98,17342.28,2.88,2024,12,CMA CGM,Seattle
CST000465,SHP000465,20659.77,1450,1761.07,807.18,1489.15,490.52,26657.69,5.44,2023,12,HMM,Miami
CST000466,SHP000466,23787.54,8250,289.31,940.08,1546.87,503.47,35317.27,23.36,2024,1,ONE,Toronto
CST000467,SHP000467,20007.0,2150,904.4,1415.99,2184.04,1232.65,27894.08,7.71,2023,3,Yang Ming,Miami
CST000468,SHP000468,25874.64,1750,723.64,831.03,1065.09,2900.64,33145.04,5.28,2022,1,Hapag-Lloyd,Los Angeles
CST000469,SHP000469,34508.34,1175,297.05,1123.08,1633.44,1182.89,39919.8,2.94,2024,5,CMA CGM,Seattle
CST000470,SHP000470,5542.86,5375,1557.97,994.28,987.53,87.69,14545.33,36.95,2023,4,Yang Ming,Seattle
CST000471,SHP000471,36834.21,75,1808.59,486.06,2783.53,225.51,42212.9,0.18,2022,10,MSC,Vancouver
CST000472,SHP000472,23389.36,900,1622.85,1097.95,942.71,945.99,28898.86,3.11,2023,12,COSCO,Toronto
CST000473,SHP000473,14255.9,300,1068.28,1058.99,2962.37,284.39,19929.93,1.51,2023,9,Hapag-Lloyd,Toronto
CST000474,SHP000474,8662.95,300,1086.39,916.4,1315.92,1464.68,13746.34,2.18,2022,6,Maersk,Seattle
CST000475,SHP000475,18476.75,300,1322.66,1159.52,2607.79,612.45,24479.17,1.23,2022,11,Maersk,Los Angeles
CST000476,SHP000476,25552.52,600,313.6,501.89,1071.03,340.76,28379.8,2.11,2022,10,Maersk,Vancouver
CST000477,SHP000477,17934.42,450,794.31,508.93,1990.14,1332.69,23010.49,1.96,2023,6,Evergreen,Toronto
CST000478,SHP000478,21153.6,8800,511.26,989.88,2176.55,642.78,34274.07,25.68,2023,6,Yang Ming,Seattle
CST000479,SHP000479,3489.54,0,1587.54,607.11,780.33,1322.05,7786.57,0.0,2024,6,Maersk,Houston
CST000480,SHP000480,3877.25,0,1736.28,598.59,2209.84,165.16,8587.12,0.0,2023,1,HMM,Houston
CST000481,SHP000481,3091.77,0,732.33,1225.03,1419.57,152.88,6621.58,0.0,2023,3,MSC,Houston
CST000482,SHP000482,37718.4,1150,353.57,944.41,2468.53,388.37,43023.28,2.67,2022,6,HMM,Vancouver
CST000483,SHP000483,10512.9,300,682.88,955.29,643.58,2080.56,15175.21,1.98,2022,6,Hapag-Lloyd,Seattle
CST000484,SHP000484,5238.74,0,1696.08,988.79,2341.11,1434.77,11699.49,0.0,2022,5,Yang Ming,Houston
CST000485,SHP000485,8353.3,0,971.31,779.74,2967.47,1949.33,15021.15,0.0,2022,10,CMA CGM,Vancouver
CST000486,SHP000486,4251.71,0,635.93,1310.72,1398.69,1551.53,9148.58,0.0,2024,7,MSC,Chicago
CST000487,SHP000487,5596.96,0,857.91,320.48,2578.95,88.87,9443.17,0.0,2024,11,ONE,Toronto
CST000488,SHP000488,4303.62,0,639.22,891.41,596.73,2366.0,8796.98,0.0,2023,9,HMM,Houston
CST000489,SHP000489,16873.8,750,1099.64,857.73,578.37,1949.44,22108.98,3.39,2022,12,ZIM,New York
CST000490,SHP000490,16823.9,1150,1517.14,438.68,2473.86,498.99,22902.57,5.02,2022,10,MSC,New York
CST000491,SHP000491,2300.38,0,1781.86,1252.32,2414.71,748.95,8498.22,0.0,2022,3,ZIM,Toronto
CST000492,SHP000492,2543.51,0,1471.9,302.84,982.36,1358.24,6658.85,0.0,2022,5,COSCO,New York
CST000493,SHP000493,11672.4,150,1651.13,749.71,1551.54,203.91,15978.69,0.94,2022,4,CMA CGM,Los Angeles
CST000494,SHP000494,13997.69,0,233.1,358.51,1280.96,1037.63,16907.89,0.0,2023,2,ZIM,Vancouver
CST000495,SHP000495,6612.9,0,1795.98,1112.61,2972.46,1260.84,13754.79,0.0,2022,4,CMA CGM,New York
CST000496,SHP000496,21916.8,500,788.38,308.56,2839.86,266.37,26619.97,1.88,2022,3,CMA CGM,New York
CST000497,SHP000497,26893.84,600,513.47,1466.11,636.4,524.67,30634.49,1.96,2022,7,Maersk,Los Angeles
CST000498,SHP000498,24516.64,400,339.07,765.29,1190.82,336.87,27548.69,1.45,2022,12,ZIM,New York
CST000499,SHP000499,23952.6,12475,917.49,1424.25,1077.76,1736.2,41583.3,30.0,2023,1,Yang Ming,New York
CST000500,SHP000500,21126.4,650,727.1,1384.97,2883.59,278.57,27050.63,2.4,2022,4,ZIM,Chicago
CST000501,SHP000501,7682.16,325,214.04,870.43,2227.74,935.83,12255.2,2.65,2024,6,ONE,New York
CST000502,SHP000502,29451.2,1500,1629.11,654.12,1662.78,1109.95,36007.16,4.17,2024,11,CMA CGM,Seattle
CST000503,SHP000503,4288.24,5175,283.16,1214.89,2009.31,1377.48,14348.08,36.07,2022,7,MSC,New York
CST000504,SHP000504,12553.92,0,851.56,964.9,1995.04,2363.32,18728.74,0.0,2022,12,CMA CGM,Seattle
CST000505,SHP000505,10034.08,3275,210.22,1296.06,2534.69,687.35,18037.4,18.16,2023,7,CMA CGM,Toronto
CST000506,SHP000506,11955.4,1250,993.76,1270.31,2094.22,1111.02,18674.71,6.69,2022,6,CMA CGM,New York
CST000507,SHP000507,43011.3,2600,950.95,571.0,1995.25,1077.86,50206.36,5.18,2023,11,Yang Ming,New York
CST000508,SHP000508,30367.6,0,1639.59,586.36,955.3,867.61,34416.46,0.0,2024,10,Maersk,Seattle
CST000509,SHP000509,8422.65,0,1373.89,333.76,2261.32,2609.97,15001.59,0.0,2022,1,ZIM,Vancouver
CST000510,SHP000510,10390.1,1475,1950.76,1240.06,1440.93,2623.82,19120.67,7.71,2022,2,Hapag-Lloyd,Seattle
CST000511,SHP000511,16914.0,200,297.78,797.06,2356.23,659.3,21224.37,0.94,2024,12,MSC,Houston
CST000512,SHP000512,15130.86,1250,730.73,501.13,983.17,245.82,18841.71,6.63,2024,11,MSC,Toronto
CST000513,SHP000513,28226.48,0,992.54,645.06,2160.73,1651.64,33676.45,0.0,2022,10,COSCO,New York
CST000514,SHP000514,12464.04,500,860.98,402.54,1342.83,666.68,16237.07,3.08,2024,10,ONE,Chicago
CST000515,SHP000515,2193.26,2850,1484.04,1336.49,2060.11,2019.46,11943.36,23.86,2024,1,ZIM,Seattle
CST000516,SHP000516,10906.16,0,1704.68,1132.92,2194.22,1095.31,17033.29,0.0,2022,8,MSC,Chicago
CST000517,SHP000517,1878.61,0,908.78,446.43,1817.31,317.08,5368.21,0.0,2023,12,COSCO,Seattle
CST000518,SHP000518,35235.54,0,1140.75,1143.77,2609.89,968.79,41098.74,0.0,2023,10,ONE,Houston
CST000519,SHP000519,18240.35,0,1652.98,438.42,2539.18,200.13,23071.06,0.0,2023,6,CMA CGM,Los Angeles
CST000520,SHP000520,4189.92,300,648.69,872.82,764.72,439.97,7216.12,4.16,2023,8,ZIM,Los Angeles
CST000521,SHP000521,3262.55,0,403.99,380.03,906.2,1494.32,6447.09,0.0,2024,1,CMA CGM,Chicago
CST000522,SHP000522,33863.2,11800,482.99,1142.06,1751.88,592.37,49632.5,23.77,2022,9,ZIM,Chicago
CST000523,SHP000523,16425.04,150,1796.31,1459.38,1599.0,180.01,21609.74,0.69,2023,8,ONE,Seattle
CST000524,SHP000524,16978.88,900,1411.03,544.67,685.89,893.69,21414.16,4.2,2022,2,CMA CGM,Chicago
CST000525,SHP000525,26441.04,900,1812.26,1361.74,1159.24,2060.31,33734.59,2.67,2023,2,HMM,Chicago
CST000526,SHP000526,15173.41,600,1859.7,1118.87,1505.72,663.82,20921.52,2.87,2024,11,Evergreen,Houston
CST000527,SHP000527,26415.48,2250,1828.45,680.97,633.76,552.37,32361.03,6.95,2022,6,ONE,Seattle
CST000528,SHP000528,6267.78,17550,1532.5,305.9,1135.42,2679.96,29471.56,59.55,2023,3,CMA CGM,Los Angeles
CST000529,SHP000529,35944.0,200,1369.15,1254.06,2832.85,325.34,41925.4,0.48,2024,4,Maersk,Chicago
CST000530,SHP000530,13045.76,1675,1831.44,853.81,1467.38,1132.42,20005.81,8.37,2023,9,Hapag-Lloyd,Toronto
CST000531,SHP000531,3620.96,1200,1778.31,436.03,2180.26,1478.32,10693.88,11.22,2023,8,Hapag-Lloyd,Vancouver
CST000532,SHP000532,16178.1,13025,1158.06,1328.5,2161.67,1219.66,35070.99,37.14,2024,6,HMM,Seattle
CST000533,SHP000533,1808.88,0,1690.85,405.42,905.83,1289.57,6100.55,0.0,2023,10,HMM,Los Angeles
CST000534,SHP000534,35847.3,300,1936.66,864.15,1451.7,1648.61,42048.42,0.71,2024,11,Hapag-Lloyd,Vancouver
CST000535,SHP000535,16571.25,1300,959.4,314.66,659.13,890.69,20695.13,6.28,2024,12,Hapag-Lloyd,Vancouver
CST000536,SHP000536,27627.12,500,1594.27,1079.95,2339.58,1372.63,34513.55,1.45,2022,11,CMA CGM,New York
CST000537,SHP000537,2574.22,0,1740.42,1237.38,2307.0,837.04,8696.06,0.0,2024,8,COSCO,Miami
CST000538,SHP000538,10037.31,0,1771.67,963.55,2898.17,924.79,16595.49,0.0,2023,9,ZIM,Los Angeles
CST000539,SHP000539,1526.5,100,335.22,805.37,1200.4,125.18,4092.67,2.44,2022,6,MSC,Vancouver
CST000540,SHP000540,3591.84,0,1439.3,663.55,2151.98,2358.7,10205.37,0.0,2023,6,Maersk,Vancouver
CST000541,SHP000541,21552.65,0,325.49,446.53,2696.34,740.37,25761.38,0.0,2023,12,HMM,Los Angeles
CST000542,SHP000542,17471.12,250,1779.77,1090.65,2856.57,274.79,23722.9,1.05,2022,7,HMM,Vancouver
CST000543,SHP000543,2938.28,0,1837.23,933.8,817.32,1124.34,7650.97,0.0,2024,1,MSC,Seattle
CST000544,SHP000544,11725.92,1450,312.4,810.51,2981.97,1229.14,18509.94,7.83,2022,8,Evergreen,Miami
CST000545,SHP000545,35238.5,1250,1536.22,1255.91,1556.82,1421.15,42258.6,2.96,2024,10,Maersk,Houston
CST000546,SHP000546,8780.4,2825,920.6,569.18,2516.73,2879.32,18491.23,15.28,2024,5,COSCO,Chicago
CST000547,SHP000547,44170.1,950,1656.11,417.36,2254.23,1679.78,51127.58,1.86,2022,9,Yang Ming,Vancouver
CST000548,SHP000548,24382.68,2000,628.52,1403.22,1556.42,515.05,30485.89,6.56,2023,2,ONE,Houston
CST000549,SHP000549,10924.8,0,316.33,1204.28,1216.56,231.13,13893.1,0.0,2024,9,Hapag-Lloyd,Houston
CST000550,SHP000550,26472.0,1550,538.98,1410.52,746.37,1816.79,32534.66,4.76,2022,3,ZIM,Los Angeles
CST000551,SHP000551,12377.2,825,1759.15,996.59,1286.18,1263.12,18507.24,4.46,2022,7,ONE,Chicago
CST000552,SHP000552,23733.78,850,1602.43,1074.69,1219.98,560.87,29041.75,2.93,2022,3,Hapag-Lloyd,Toronto
CST000553,SHP000553,18225.06,1600,1786.97,870.97,2998.53,355.0,25836.53,6.19,2024,10,CMA CGM,Los Angeles
CST000554,SHP000554,43922.2,600,1876.43,1070.23,1226.5,1177.14,49872.5,1.2,2022,11,COSCO,Seattle
CST000555,SHP000555,8995.3,0,1792.64,590.52,762.97,2122.84,14264.27,0.0,2022,4,ONE,Toronto
CST000556,SHP000556,6864.68,0,1903.66,951.99,2619.57,726.27,13066.17,0.0,2024,1,MSC,Houston
CST000557,SHP000557,2505.36,0,1070.36,813.88,2589.03,2174.47,9153.1,0.0,2023,11,MSC,Vancouver
CST000558,SHP000558,13950.72,200,1015.16,750.89,778.69,371.59,17067.05,1.17,2024,8,Yang Ming,Toronto
CST000559,SHP000559,26321.28,500,1148.4,1480.71,1185.72,577.83,31213.94,1.6,2024,10,Evergreen,Seattle
CST000560,SHP000560,12443.68,450,780.88,1330.4,1195.78,1504.35,17705.09,2.54,2022,4,Evergreen,Chicago
CST000561,SHP000561,6421.38,0,751.6,897.97,1095.29,809.65,9975.89,0.0,2022,5,HMM,Chicago
CST000562,SHP000562,26278.16,0,868.01,1085.27,2132.58,1264.33,31628.35,0.0,2024,4,COSCO,New York
CST000563,SHP000563,29807.05,0,647.5,1210.87,1694.54,879.13,34239.09,0.0,2024,8,CMA CGM,New York
CST000564,SHP000564,19616.25,300,967.83,1226.12,890.59,1276.29,24277.08,1.24,2022,10,Evergreen,Seattle
CST000565,SHP000565,4880.68,0,1706.03,391.8,2521.63,558.68,10058.82,0.0,2022,11,Yang Ming,Chicago
CST000566,SHP000566,2723.46,0,1634.63,683.72,1135.28,806.74,6983.83,0.0,2024,5,ZIM,Miami
CST000567,SHP000567,20042.7,1425,1214.32,868.52,706.52,2259.58,26516.64,5.37,2022,2,CMA CGM,Seattle
CST000568,SHP000568,5462.48,0,1133.01,1045.65,1892.52,2004.27,11537.93,0.0,2023,4,MSC,Los Angeles
CST000569,SHP000569,26471.27,75,683.6,321.42,2050.38,1012.78,30614.45,0.24,2022,9,ZIM,New York
CST000570,SHP000570,10069.2,1150,238.24,1169.11,2143.01,951.35,15720.91,7.32,2023,3,CMA CGM,Los Angeles
CST000571,SHP000571,23034.3,600,1278.13,879.71,1926.29,140.35,27858.78,2.15,2023,5,COSCO,Seattle
CST000572,SHP000572,36069.57,12025,1155.15,836.3,883.3,1553.5,52522.82,22.89,2024,2,Maersk,Chicago
CST000573,SHP000573,12566.4,0,289.33,1435.59,2352.53,1437.77,18081.62,0.0,2022,7,Yang Ming,Chicago
CST000574,SHP000574,7700.56,750,1343.19,506.29,692.41,2054.92,13047.37,5.75,2024,8,Hapag-Lloyd,Seattle
CST000575,SHP000575,9394.74,0,370.73,1016.19,2654.59,857.95,14294.2,0.0,2024,7,ONE,Houston
CST000576,SHP000576,30961.71,0,1442.0,1168.41,2746.62,2071.5,38390.24,0.0,2023,10,Yang Ming,Chicago
CST000577,SHP000577,38590.4,450,1620.63,513.0,1719.92,1855.62,44749.57,1.01,2024,9,Yang Ming,Seattle
CST000578,SHP000578,4215.52,0,1806.43,331.12,2942.69,1990.12,11285.88,0.0,2024,3,Yang Ming,Los Angeles
CST000579,SHP000579,17625.8,1250,1541.23,364.71,1755.76,188.82,22726.32,5.5,2022,12,ZIM,Chicago
CST000580,SHP000580,9908.0,1050,1571.85,480.11,2169.36,899.3,16078.62,6.53,2024,12,HMM,Toronto
CST000581,SHP000581,17444.1,400,1885.79,698.68,848.86,484.81,21762.24,1.84,2022,9,Hapag-Lloyd,Miami
CST000582,SHP000582,8670.64,0,1601.31,1356.9,1024.17,2037.96,14690.98,0.0,2023,6,CMA CGM,Chicago
CST000583,SHP000583,24665.13,1250,533.68,768.21,1745.92,496.58,29459.52,4.24,2023,10,Maersk,Los Angeles
CST000584,SHP000584,819.84,1000,1684.22,1150.13,1035.47,1430.54,7120.2,14.04,2023,4,Maersk,Houston
CST000585,SHP000585,33937.68,300,1897.17,1370.3,808.22,1193.16,39506.53,0.76,2022,3,Yang Ming,Los Angeles
CST000586,SHP000586,7941.24,100,1028.89,439.35,2912.31,1153.91,13575.7,0.74,2023,6,ONE,Los Angeles
CST000587,SHP000587,29004.8,13450,702.68,509.36,2131.77,385.3,46183.91,29.12,2023,6,Yang Ming,Chicago
CST000588,SHP000588,10236.18,200,459.15,678.66,1729.74,1114.63,14418.36,1.39,2023,4,Evergreen,Toronto
CST000589,SHP000589,3772.56,0,1753.25,515.88,2460.9,326.76,8829.35,0.0,2024,7,ZIM,Seattle
CST000590,SHP000590,26436.48,21200,757.13,481.27,2023.0,1223.65,52121.53,40.67,2022,1,CMA CGM,New York
CST000591,SHP000591,30988.72,150,990.72,586.15,1702.87,828.02,35246.48,0.43,2022,8,MSC,Houston
CST000592,SHP000592,4746.18,6800,1369.07,846.41,2044.03,214.91,16020.6,42.45,2022,3,HMM,Houston
CST000593,SHP000593,7910.0,1500,458.25,360.5,2648.57,1425.92,14303.24,10.49,2022,7,Maersk,Miami
CST000594,SHP000594,20719.1,225,1219.83,1095.71,2617.29,1034.75,26911.68,0.84,2022,9,Yang Ming,Los Angeles
CST000595,SHP000595,23653.6,900,1914.18,1384.58,2516.84,772.03,31141.23,2.89,2024,7,ONE,Seattle
CST000596,SHP000596,26422.64,250,1578.95,736.96,2222.72,1648.69,32859.96,0.76,2022,7,CMA CGM,Miami
CST000597,SHP000597,6749.2,550,1185.32,893.24,2501.82,413.46,12293.04,4.47,2024,8,COSCO,Chicago
CST000598,SHP000598,21349.62,1000,602.73,654.46,2459.26,276.32,26342.39,3.8,2022,4,COSCO,Chicago
CST000599,SHP000599,11714.72,950,1028.6,717.88,872.41,455.37,15738.98,6.04,2024,10,ONE,Vancouver
CST000600,SHP000600,10314.7,0,1328.31,806.73,2202.54,2590.44,17242.72,0.0,2023,10,MSC,Chicago
CST000601,SHP000601,8621.97,375,429.79,478.31,1098.38,257.34,11260.79,3.33,2022,8,CMA CGM,Chicago
CST000602,SHP000602,2554.02,0,1387.47,1063.97,1098.45,221.18,6325.09,0.0,2024,1,Yang Ming,Chicago
CST000603,SHP000603,13557.42,1350,392.43,870.51,969.31,971.03,18110.7,7.45,2022,10,Maersk,Seattle
CST000604,SHP000604,34930.48,1450,1417.51,513.74,1150.33,1468.2,40930.26,3.54,2022,8,ZIM,Toronto
CST000605,SHP000605,30968.7,950,702.05,930.33,2440.49,1349.94,37341.51,2.54,2024,3,Evergreen,Chicago
CST000606,SHP000606,42605.4,1550,1517.06,424.31,1027.82,2406.97,49531.56,3.13,2024,9,COSCO,Toronto
CST000607,SHP000607,9861.44,10725,426.98,573.78,925.32,684.39,23196.91,46.23,2023,10,Maersk,Miami
CST000608,SHP000608,10713.0,225,1071.37,599.13,2381.52,1686.73,16676.75,1.35,2023,8,Yang Ming,Los Angeles
CST000609,SHP000609,9302.46,400,1748.19,869.41,2852.82,800.22,15973.1,2.5,2024,3,ZIM,Chicago
CST000610,SHP000610,15388.08,75,1495.17,665.29,1961.92,664.11,20249.57,0.37,2022,11,CMA CGM,New York
CST000611,SHP000611,4099.24,0,647.39,314.32,1816.98,270.09,7148.02,0.0,2022,11,ONE,Houston
CST000612,SHP000612,16107.48,300,1780.36,1450.55,1012.75,432.92,21084.06,1.42,2023,6,COSCO,Seattle
CST000613,SHP000613,36939.8,950,423.01,1439.83,779.02,2499.98,43031.64,2.21,2024,7,MSC,Seattle
CST000614,SHP000614,17101.0,975,1533.09,522.96,1439.46,857.58,22429.09,4.35,2022,8,COSCO,Los Angeles
CST000615,SHP000615,25522.77,150,211.74,1494.62,1990.14,106.48,29475.75,0.51,2022,10,CMA CGM,Houston
CST000616,SHP000616,5443.84,0,870.28,1049.51,686.28,1453.76,9503.67,0.0,2023,6,Hapag-Lloyd,Vancouver
CST000617,SHP000617,25751.04,1000,1178.22,623.95,1996.42,996.52,31546.15,3.17,2024,4,CMA CGM,Miami
CST000618,SHP000618,25263.07,0,1590.69,595.62,507.78,1278.85,29236.01,0.0,2023,10,MSC,Houston
CST000619,SHP000619,20653.85,6750,700.95,1080.03,2719.74,1642.67,33547.24,20.12,2024,4,Maersk,Miami
CST000620,SHP000620,2788.5,2000,1178.71,414.86,2482.43,795.06,9659.56,20.7,2023,12,ZIM,Seattle
CST000621,SHP000621,2659.98,0,1408.06,989.84,1489.22,1444.39,7991.49,0.0,2022,7,COSCO,New York
CST000622,SHP000622,15599.3,150,859.24,670.3,1599.05,764.43,19642.32,0.76,2024,5,Hapag-Lloyd,Chicago
CST000623,SHP000623,28927.1,850,1970.66,318.62,2784.43,2551.72,37402.53,2.27,2024,7,ZIM,Toronto
CST000624,SHP000624,4757.36,600,779.44,1431.99,1796.96,1464.08,10829.83,5.54,2023,8,Evergreen,Chicago
CST000625,SHP000625,28612.36,0,1850.99,962.12,752.79,627.37,32805.63,0.0,2024,5,ZIM,Los Angeles
CST000626,SHP000626,26936.7,9575,1120.11,1101.3,2527.81,398.45,41659.37,22.98,2023,6,ONE,Miami
CST000627,SHP000627,12879.18,0,1542.86,920.97,1305.03,1047.04,17695.08,0.0,2023,3,ZIM,Vancouver
CST000628,SHP000628,4348.86,0,445.31,1392.84,1200.83,1945.75,9333.59,0.0,2024,1,Yang Ming,Vancouver
CST000629,SHP000629,7988.25,300,1955.52,1216.52,2903.82,1681.92,16046.03,1.87,2022,10,ZIM,Los Angeles
CST000630,SHP000630,24737.9,1275,1525.38,563.02,675.38,646.24,29422.92,4.33,2022,4,MSC,Vancouver
CST000631,SHP000631,12016.44,1100,1586.26,420.38,2710.63,938.21,18771.92,5.86,2024,10,HMM,Los Angeles
CST000632,SHP000632,28183.04,0,622.74,1192.21,1615.62,685.04,32298.65,0.0,2024,3,Yang Ming,New York
CST000633,SHP000633,4341.98,0,939.74,1117.28,1733.54,1249.17,9381.71,0.0,2022,6,HMM,Vancouver
CST000634,SHP000634,24436.5,900,1392.5,781.91,2413.88,1196.98,31121.77,2.89,2022,2,Maersk,Los Angeles
CST000635,SHP000635,3980.7,0,379.76,1246.52,672.72,654.34,6934.04,0.0,2022,2,Yang Ming,Seattle
CST000636,SHP000636,2741.28,0,367.94,425.22,2907.62,1589.13,8031.19,0.0,2023,8,MSC,Los Angeles
CST000637,SHP000637,7962.6,750,1538.41,330.67,1112.26,1267.7,12961.64,5.79,2022,2,HMM,Los Angeles
CST000638,SHP000638,20022.12,300,405.36,528.38,2212.95,232.73,23701.54,1.27,2023,5,MSC,New York
CST000639,SHP000639,1795.89,0,1087.21,392.61,1666.28,2459.5,7401.49,0.0,2024,9,ZIM,Vancouver
CST000640,SHP000640,13975.11,1750,586.84,986.68,2130.33,1022.8,20451.76,8.56,2024,4,COSCO,Chicago
CST000641,SHP000641,18702.2,1525,375.54,946.14,842.82,1072.47,23464.17,6.5,2024,7,CMA CGM,Miami
CST000642,SHP000642,16567.65,950,226.22,1481.96,1427.67,256.05,20909.55,4.54,2024,2,ZIM,Chicago
CST000643,SHP000643,20248.15,75,1058.27,1267.74,1477.88,664.88,24791.92,0.3,2024,3,MSC,Vancouver
CST000644,SHP000644,34786.16,1400,1007.78,1131.33,817.45,674.54,39817.26,3.52,2023,7,ONE,Seattle
CST000645,SHP000645,28968.96,475,686.03,873.82,868.58,1547.95,33420.34,1.42,2022,1,HMM,Toronto
CST000646,SHP000646,11714.52,0,1857.77,372.74,1561.5,1360.81,16867.34,0.0,2023,12,Maersk,Vancouver
CST000647,SHP000647,16590.25,600,441.92,1092.68,560.19,1760.86,21045.9,2.85,2024,6,ZIM,New York
CST000648,SHP000648,33173.44,350,593.92,1268.48,2850.13,1622.59,39858.56,0.88,2023,4,HMM,New York
CST000649,SHP000649,32870.5,600,415.36,329.07,1625.74,820.77,36661.44,1.64,2023,7,Evergreen,Vancouver
CST000650,SHP000650,7549.25,13900,1815.28,1173.91,2053.5,1355.8,27847.74,49.91,2022,9,HMM,Vancouver
CST000651,SHP000651,12697.51,1300,1662.87,1463.63,556.74,1022.19,18702.94,6.95,2024,5,Hapag-Lloyd,Toronto
CST000652,SHP000652,4914.54,1200,1451.58,1142.06,527.94,694.54,9930.66,12.08,2022,4,ONE,New York
CST000653,SHP000653,5162.6,750,377.69,1025.39,2505.57,1889.87,11711.12,6.4,2022,6,Maersk,Miami
CST000654,SHP000654,23281.86,225,945.94,1331.64,2843.84,2072.16,30700.44,0.73,2023,5,Yang Ming,Houston
CST000655,SHP000655,13713.91,2575,699.82,822.52,2878.65,1619.44,22309.34,11.54,2024,7,MSC,Vancouver
CST000656,SHP000656,2869.25,600,1994.35,1136.43,1846.57,382.63,8829.23,6.8,2023,9,Maersk,Toronto
CST000657,SHP000657,28390.39,0,1512.46,616.25,2990.13,681.18,34190.41,0.0,2022,1,MSC,New York
CST000658,SHP000658,5987.36,0,766.27,366.64,2894.37,1462.49,11477.13,0.0,2022,8,ZIM,New York
CST000659,SHP000659,5237.56,0,352.86,1372.26,1424.76,218.74,8606.18,0.0,2024,5,COSCO,Houston
CST000660,SHP000660,20687.3,400,786.5,881.21,2967.35,408.09,26130.45,1.53,2023,9,HMM,Houston
CST000661,SHP000661,12680.2,0,1616.71,358.2,2323.36,552.82,17531.29,0.0,2023,5,HMM,Toronto
CST000662,SHP000662,8402.64,500,1638.01,1021.7,1991.88,715.38,14269.61,3.5,2023,11,Evergreen,Seattle
CST000663,SHP000663,28143.76,300,1864.56,328.84,1060.19,1446.75,33144.1,0.91,2023,4,Evergreen,New York
CST000664,SHP000664,2852.36,0,1329.81,663.87,583.17,458.66,5887.87,0.0,2022,1,Evergreen,Los Angeles
CST000665,SHP000665,16303.64,200,1169.92,765.12,1696.89,1569.73,21705.3,0.92,2022,3,HMM,Toronto
CST000666,SHP000666,6606.03,3850,1717.23,1240.11,1179.42,1489.78,16082.57,23.94,2022,2,Evergreen,New York
CST000667,SHP000667,39737.52,400,756.79,608.86,2940.68,1024.85,45468.7,0.88,2023,5,Evergreen,Seattle
CST000668,SHP000668,11858.52,225,1801.03,344.89,1232.22,835.82,16297.48,1.38,2023,1,MSC,Los Angeles
CST000669,SHP000669,20147.75,575,1728.66,602.3,1654.91,1766.68,26475.3,2.17,2022,11,HMM,Chicago
CST000670,SHP000670,19663.02,450,579.9,1178.16,1838.72,1021.52,24731.32,1.82,2022,5,Evergreen,Seattle
CST000671,SHP000671,32040.3,1450,506.71,787.55,1205.13,688.77,36678.46,3.95,2024,8,ONE,Seattle
CST000672,SHP000672,10450.56,0,1245.73,470.36,1205.05,241.46,13613.16,0.0,2023,9,Evergreen,New York
CST000673,SHP000673,17284.82,1300,769.26,806.46,707.89,638.24,21506.67,6.04,2022,3,ZIM,New York
CST000674,SHP000674,4257.28,0,271.14,864.62,1328.5,148.6,6870.14,0.0,2022,2,ONE,Miami
CST000675,SHP000675,2820.3,0,1977.93,434.53,2168.97,445.45,7847.18,0.0,2023,4,COSCO,Chicago
CST000676,SHP000676,19212.7,150,1665.97,723.48,2203.16,1386.06,25341.37,0.59,2022,10,Hapag-Lloyd,New York
CST000677,SHP000677,10221.68,150,1202.37,441.0,1915.36,1189.87,15120.28,0.99,2024,11,HMM,Seattle
CST000678,SHP000678,11028.22,300,754.9,430.62,2850.21,896.88,16260.83,1.84,2023,10,ZIM,Vancouver
CST000679,SHP000679,12344.04,500,1708.73,1320.37,2439.71,678.31,18991.16,2.63,2023,9,ONE,Los Angeles
CST000680,SHP000680,31304.1,2550,1337.52,1120.52,1702.57,1624.34,39639.05,6.43,2022,3,Hapag-Lloyd,Toronto
CST000681,SHP000681,9615.68,0,1742.16,1464.76,2153.26,1629.02,16604.88,0.0,2024,3,Yang Ming,New York
CST000682,SHP000682,4608.9,0,1673.41,1299.78,753.81,988.8,9324.7,0.0,2022,12,MSC,Vancouver
CST000683,SHP000683,7567.83,0,1932.36,574.44,2557.47,865.46,13497.56,0.0,2024,12,Evergreen,Chicago
CST000684,SHP000684,5123.0,0,418.95,850.28,1679.52,324.98,8396.73,0.0,2024,5,CMA CGM,Los Angeles
CST000685,SHP000685,7347.63,150,753.12,750.9,1533.24,1256.66,11791.55,1.27,2024,10,CMA CGM,New York
CST000686,SHP000686,3730.54,0,726.54,755.67,1548.55,1535.25,8296.55,0.0,2024,7,COSCO,Seattle
CST000687,SHP000687,17786.08,4200,1907.04,906.09,2756.41,919.55,28475.17,14.75,2024,4,Hapag-Lloyd,Los Angeles
CST000688,SHP000688,6765.52,0,1429.73,400.8,2160.69,1071.93,11828.67,0.0,2022,11,Yang Ming,New York
CST000689,SHP000689,13904.16,750,1115.28,1227.17,2667.03,560.36,20224.0,3.71,2022,6,Yang Ming,Houston
CST000690,SHP000690,27764.52,600,1631.29,1336.74,2081.79,658.92,34073.26,1.76,2022,5,Maersk,Toronto
CST000691,SHP000691,29078.82,225,1542.58,1116.84,2418.56,2086.95,36468.75,0.62,2024,8,MSC,Houston
CST000692,SHP000692,6296.8,0,1272.25,1152.29,2452.85,1444.71,12618.9,0.0,2022,12,ZIM,Los Angeles
CST000693,SHP000693,4102.94,0,1490.67,1474.96,730.79,1510.57,9309.93,0.0,2024,6,Maersk,Los Angeles
CST000694,SHP000694,3657.92,0,1847.81,659.2,1825.68,2212.96,10203.57,0.0,2023,9,COSCO,Miami
CST000695,SHP000695,13263.4,500,1986.42,324.02,512.42,255.35,16841.61,2.97,2022,2,Evergreen,Vancouver
CST000696,SHP000696,12445.16,0,892.08,1320.88,2659.84,1415.92,18733.88,0.0,2024,11,CMA CGM,Miami
CST000697,SHP000697,22538.39,0,929.32,1358.36,2488.89,80.37,27395.33,0.0,2022,8,MSC,New York
CST000698,SHP000698,18199.6,100,1547.8,972.42,2607.5,1052.49,24479.81,0.41,2024,1,Evergreen,Chicago
CST000699,SHP000699,6085.71,150,1208.27,1072.82,1691.48,972.41,11180.69,1.34,2022,7,HMM,Chicago
CST000700,SHP000700,10650.6,300,915.13,1066.32,2513.86,1320.9,16766.81,1.79,2024,7,MSC,Toronto
CST000701,SHP000701,1308.96,0,658.36,986.6,2813.08,998.1,6765.1,0.0,2023,4,Maersk,Chicago
CST000702,SHP000702,19087.98,150,281.52,597.88,2641.17,1314.14,24072.69,0.62,2023,5,Yang Ming,Toronto
CST000703,SHP000703,4154.54,0,1213.23,1326.0,1636.45,1259.14,9589.36,0.0,2023,11,Hapag-Lloyd,New York
CST000704,SHP000704,8471.52,150,1724.02,985.98,1266.53,435.52,13033.57,1.15,2023,1,HMM,Houston
CST000705,SHP000705,15619.28,150,1023.92,810.12,2875.99,1844.2,22323.51,0.67,2023,2,CMA CGM,Los Angeles
CST000706,SHP000706,8768.48,150,1445.73,397.94,801.23,1343.49,12906.87,1.16,2023,8,CMA CGM,Chicago
CST000707,SHP000707,6986.4,100,856.61,756.66,1132.8,694.82,10527.29,0.95,2024,5,CMA CGM,Seattle
CST000708,SHP000708,10940.2,0,1384.08,1033.46,783.06,1170.39,15311.19,0.0,2023,6,HMM,Los Angeles
CST000709,SHP000709,31521.24,500,1242.87,1314.55,2617.08,836.19,38031.93,1.31,2022,11,CMA CGM,New York
CST000710,SHP000710,4472.15,0,839.07,1202.43,1618.75,361.8,8494.2,0.0,2024,9,Yang Ming,Miami
CST000711,SHP000711,29596.84,0,247.08,749.72,2131.5,1847.73,34572.87,0.0,2023,12,Evergreen,Chicago
CST000712,SHP000712,5222.61,0,582.6,1369.25,1978.04,1456.71,10609.21,0.0,2022,10,Maersk,Toronto
CST000713,SHP000713,11610.21,9000,1964.52,881.92,2153.93,786.94,26397.52,34.09,2024,3,MSC,Miami
CST000714,SHP000714,22875.84,100,1613.17,872.96,1703.3,809.69,27974.96,0.36,2024,4,COSCO,Chicago
CST000715,SHP000715,19196.52,0,399.77,340.86,2512.4,1808.3,24257.85,0.0,2024,10,Hapag-Lloyd,Los Angeles
CST000716,SHP000716,4934.88,1050,1042.53,1410.29,836.92,1425.23,10699.85,9.81,2022,10,CMA CGM,Los Angeles
CST000717,SHP000717,12040.2,0,1912.95,321.93,713.88,1137.1,16126.06,0.0,2023,6,Maersk,New York
CST000718,SHP000718,10272.88,0,707.78,1041.24,589.45,1834.17,14445.52,0.0,2023,7,MSC,Vancouver
CST000719,SHP000719,2189.96,0,1317.64,1047.58,1845.57,1042.76,7443.51,0.0,2022,3,Maersk,Toronto
CST000720,SHP000720,19564.74,4800,782.78,744.24,2983.4,586.81,29461.97,16.29,2023,11,ZIM,Miami
CST000721,SHP000721,8030.64,1000,665.01,1387.74,2834.48,662.27,14580.14,6.86,2024,7,ONE,Toronto
CST000722,SHP000722,24190.26,0,842.49,1179.08,2273.8,2242.3,30727.93,0.0,2023,1,ZIM,Miami
CST000723,SHP000723,7033.66,3975,902.68,1300.14,2382.09,599.09,16192.66,24.55,2022,6,Evergreen,Miami
CST000724,SHP000724,40074.39,1050,635.65,705.92,1178.72,674.8,44319.48,2.37,2024,10,COSCO,Los Angeles
CST000725,SHP000725,1392.87,0,1475.45,1479.41,565.96,1986.81,6900.5,0.0,2023,3,ZIM,New York
CST000726,SHP000726,9077.04,525,814.63,558.98,524.66,1342.71,12843.02,4.09,2022,9,Evergreen,Seattle
CST000727,SHP000727,6508.56,9000,1046.76,1180.48,826.85,359.8,18922.45,47.56,2024,2,HMM,Houston
CST000728,SHP000728,35266.0,3000,1451.94,471.49,1472.68,571.05,42233.16,7.1,2022,8,MSC,New York
CST000729,SHP000729,29858.7,0,1113.52,967.57,650.48,368.28,32958.55,0.0,2023,10,Evergreen,Miami
CST000730,SHP000730,9076.26,0,1245.92,627.24,2845.97,248.01,14043.4,0.0,2023,8,ZIM,Los Angeles
CST000731,SHP000731,7123.27,600,1786.52,1479.02,2542.27,857.16,14388.24,4.17,2023,7,ONE,Vancouver
CST000732,SHP000732,2827.39,0,937.55,808.4,2025.32,393.6,6992.26,0.0,2024,9,Evergreen,Los Angeles
CST000733,SHP000733,13576.4,1250,1345.2,1233.44,1587.95,1569.34,20562.33,6.08,2024,12,Yang Ming,Vancouver
CST000734,SHP000734,15016.0,350,675.57,506.98,2761.17,412.7,19722.42,1.77,2024,7,ONE,Chicago
CST000735,SHP000735,12678.45,200,1682.87,1485.8,991.36,243.04,17281.52,1.16,2022,10,Maersk,Vancouver
CST000736,SHP000736,3382.34,0,301.94,878.34,2577.61,1338.93,8479.16,0.0,2024,6,Maersk,Houston
CST000737,SHP000737,2463.04,0,978.23,568.72,1739.33,425.14,6174.46,0.0,2024,2,Yang Ming,Seattle
CST000738,SHP000738,13327.58,0,1425.37,607.26,1195.48,204.86,16760.55,0.0,2022,7,Maersk,Chicago
CST000739,SHP000739,23469.12,2450,1988.75,977.1,661.57,664.25,30210.79,8.11,2022,2,COSCO,Miami
CST000740,SHP000740,7531.62,0,547.48,1116.42,1954.85,179.86,11330.23,0.0,2023,1,MSC,Vancouver
CST000741,SHP000741,12914.37,1000,1705.44,864.88,934.0,2166.59,19585.28,5.11,2022,6,MSC,Toronto
CST000742,SHP000742,16403.22,600,819.68,418.93,2016.1,1674.82,21932.75,2.74,2024,12,Hapag-Lloyd,Chicago
CST000743,SHP000743,19837.6,450,1303.49,936.19,1700.9,513.8,24741.98,1.82,2022,4,COSCO,Vancouver
CST000744,SHP000744,15690.42,100,574.69,873.9,615.2,845.1,18699.31,0.53,2023,7,COSCO,Houston
CST000745,SHP000745,22414.15,1000,554.02,1205.06,2373.83,1886.46,29433.52,3.4,2024,5,ZIM,Chicago
CST000746,SHP000746,17157.4,400,1243.13,469.7,2867.35,601.17,22738.75,1.76,2022,11,HMM,Miami
CST000747,SHP000747,12044.28,3025,617.06,1297.44,1580.49,719.62,19283.89,15.69,2023,11,COSCO,Vancouver
CST000748,SHP000748,14893.3,400,516.06,1236.05,2058.79,975.94,20080.14,1.99,2022,8,Yang Ming,Miami
CST000749,SHP000749,10279.43,0,206.81,1136.04,2181.85,1857.87,15662.0,0.0,2022,7,ONE,Chicago
CST000750,SHP000750,9698.94,0,1833.73,1035.81,794.96,443.16,13806.6,0.0,2022,9,HMM,Seattle
CST000751,SHP000751,22525.98,800,1230.25,660.63,2752.78,568.68,28538.32,2.8,2024,5,Maersk,New York
CST000752,SHP000752,6296.6,375,322.71,428.37,889.22,236.42,8548.32,4.39,2022,6,COSCO,Chicago
CST000753,SHP000753,38250.27,1400,1279.2,413.32,1586.61,307.93,43237.33,3.24,2023,8,CMA CGM,Vancouver
CST000754,SHP000754,32163.93,500,827.98,1472.74,2133.81,297.52,37395.98,1.34,2022,1,COSCO,Miami
CST000755,SHP000755,8101.89,0,539.42,576.59,2534.0,2385.9,14137.8,0.0,2024,12,Maersk,Los Angeles
CST000756,SHP000756,3746.48,400,307.21,740.93,2880.13,1510.48,9585.23,4.17,2022,8,Yang Ming,Houston
CST000757,SHP000757,2116.25,2100,1423.96,1075.56,1134.52,910.04,8760.33,23.97,2023,9,Maersk,New York
CST000758,SHP000758,4787.94,0,1905.4,648.1,972.21,558.83,8872.48,0.0,2023,12,ONE,Toronto
CST000759,SHP000759,8182.75,600,1497.82,728.7,2654.45,1060.45,14724.17,4.07,2024,9,CMA CGM,Vancouver
CST000760,SHP000760,21385.44,250,1995.44,1363.94,1824.75,88.82,26908.39,0.93,2022,8,Yang Ming,Chicago
CST000761,SHP000761,1393.16,0,636.21,1163.41,1103.3,539.19,4835.27,0.0,2022,10,Evergreen,Toronto
CST000762,SHP000762,18598.16,0,1333.85,689.4,2337.78,945.43,23904.62,0.0,2024,10,MSC,Seattle
CST000763,SHP000763,3970.2,1300,1966.04,515.17,1621.38,2163.5,11536.29,11.27,2022,9,MSC,Toronto
CST000764,SHP000764,12016.69,975,1430.81,395.19,1634.87,274.51,16727.07,5.83,2023,8,Maersk,Seattle
CST000765,SHP000765,6788.48,800,334.32,490.06,616.46,1414.46,10443.78,7.66,2023,6,Evergreen,Vancouver
CST000766,SHP000766,16950.64,0,834.5,489.53,1608.79,1006.73,20890.19,0.0,2022,9,HMM,New York
CST000767,SHP000767,18011.14,1000,700.26,1310.28,2084.22,1256.38,24362.28,4.1,2024,4,MSC,Miami
CST000768,SHP000768,1472.48,0,1465.32,595.3,1664.63,90.37,5288.1,0.0,2023,7,MSC,Houston
CST000769,SHP000769,17162.0,1425,1205.03,853.64,2268.5,738.77,23652.94,6.02,2022,7,Hapag-Lloyd,Chicago
CST000770,SHP000770,10089.18,300,633.07,912.24,2165.02,667.62,14767.13,2.03,2024,1,COSCO,Houston
CST000771,SHP000771,13628.96,12375,683.12,1013.42,2503.34,2518.26,32722.1,37.82,2022,9,MSC,Los Angeles
CST000772,SHP000772,1272.98,0,1941.54,830.93,1766.06,876.83,6688.34,0.0,2024,8,HMM,Chicago
CST000773,SHP000773,38213.37,400,1096.15,946.05,2798.31,616.93,44070.81,0.91,2022,8,ONE,Seattle
CST000774,SHP000774,14162.6,850,730.22,831.74,2262.4,1160.5,19997.46,4.25,2023,8,HMM,Los Angeles
CST000775,SHP000775,21326.97,500,497.71,752.59,2051.07,638.33,25766.67,1.94,2024,11,MSC,Seattle
CST000776,SHP000776,15819.21,300,764.29,1301.82,1204.25,2138.72,21528.29,1.39,2024,11,HMM,Toronto
CST000777,SHP000777,3166.58,150,1074.94,389.17,1784.48,1210.9,7776.07,1.93,2023,4,COSCO,Los Angeles
CST000778,SHP000778,43972.1,400,714.19,616.65,2260.91,364.03,48327.88,0.83,2023,3,Hapag-Lloyd,New York
CST000779,SHP000779,14011.04,0,1650.21,980.13,836.63,805.42,18283.43,0.0,2023,10,CMA CGM,Chicago
CST000780,SHP000780,7772.5,0,703.69,1244.06,1121.23,721.22,11562.7,0.0,2023,6,COSCO,Miami
CST000781,SHP000781,7499.22,1000,1866.62,806.8,1594.51,2347.7,15114.85,6.62,2024,1,ZIM,Miami
CST000782,SHP000782,11474.25,250,723.99,774.79,2500.91,1149.89,16873.83,1.48,2023,8,HMM,Los Angeles
CST000783,SHP000783,11771.82,825,342.11,551.42,1022.57,859.2,15372.12,5.37,2023,5,CMA CGM,Miami
CST000784,SHP000784,1289.06,0,343.03,1358.71,2298.19,1580.66,6869.65,0.0,2022,2,MSC,Miami
CST000785,SHP000785,28886.32,750,864.88,831.5,1063.12,2469.38,34865.2,2.15,2022,8,HMM,Toronto
CST000786,SHP000786,11298.42,1050,1662.7,872.58,2236.01,2040.68,19160.39,5.48,2023,5,ONE,Los Angeles
CST000787,SHP000787,15581.44,150,1488.49,1484.52,2232.64,597.93,21535.02,0.7,2022,10,Hapag-Lloyd,Miami
CST000788,SHP000788,10610.2,750,543.0,1386.23,1627.53,1161.7,16078.66,4.66,2022,12,Yang Ming,Seattle
CST000789,SHP000789,9941.7,300,249.98,899.6,1083.04,263.97,12738.29,2.36,2022,12,MSC,Los Angeles
CST000790,SHP000790,3988.34,3000,386.58,1419.89,2995.57,2643.61,14433.99,20.78,2023,7,Hapag-Lloyd,Vancouver
CST000791,SHP000791,6676.35,0,1001.55,843.77,1090.12,782.02,10393.81,0.0,2024,9,CMA CGM,Seattle
CST000792,SHP000792,21185.15,1500,1660.31,1090.76,708.57,1814.57,27959.36,5.36,2024,10,Yang Ming,Houston
CST000793,SHP000793,8892.48,0,210.25,1092.63,2860.23,1282.9,14338.49,0.0,2024,12,Yang Ming,Seattle
CST000794,SHP000794,2140.87,0,944.72,392.1,2497.25,1052.09,7027.03,0.0,2023,4,HMM,Vancouver
CST000795,SHP000795,39561.57,325,1735.11,1403.21,898.23,2249.19,46172.31,0.7,2022,10,Maersk,Houston
CST000796,SHP000796,15226.61,925,1813.62,318.66,500.22,827.14,19611.25,4.72,2022,8,Evergreen,Los Angeles
CST000797,SHP000797,1692.34,0,1143.59,701.57,2616.19,1836.12,7989.81,0.0,2022,10,ZIM,Toronto
CST000798,SHP000798,14656.2,0,1867.77,363.6,2788.87,1077.52,20753.96,0.0,2024,12,CMA CGM,Los Angeles
CST000799,SHP000799,27166.44,1800,353.02,1440.14,1123.88,1450.95,33334.43,5.4,2022,3,MSC,Toronto
CST000800,SHP000800,30928.31,4000,274.57,632.1,1677.4,190.54,37702.92,10.61,2024,5,Hapag-Lloyd,New York
CST000801,SHP000801,7642.54,0,1202.8,1324.1,2984.76,527.23,13681.43,0.0,2024,3,HMM,New York
CST000802,SHP000802,2175.78,0,745.1,363.11,2735.46,1553.04,7572.49,0.0,2024,1,Yang Ming,Toronto
CST000803,SHP000803,7473.25,1050,1860.9,1149.28,1930.44,400.14,13864.01,7.57,2022,8,Evergreen,Los Angeles
CST000804,SHP000804,4156.85,375,1940.61,1373.11,2802.5,876.5,11524.57,3.25,2024,9,Hapag-Lloyd,Toronto
CST000805,SHP000805,4051.76,0,304.61,1456.95,1704.8,1984.48,9502.6,0.0,2024,3,COSCO,Houston
CST000806,SHP000806,6982.65,12750,542.97,1366.42,2656.02,1810.84,26108.9,48.83,2024,2,COSCO,Toronto
CST000807,SHP000807,11256.66,750,1966.1,893.27,1711.84,1203.69,17781.56,4.22,2022,11,Evergreen,Los Angeles
CST000808,SHP000808,9283.2,1650,289.43,692.8,2781.92,172.39,14869.74,11.1,2022,6,Yang Ming,New York
CST000809,SHP000809,3672.86,200,798.12,479.6,1680.49,401.67,7232.74,2.77,2024,7,MSC,Vancouver
CST000810,SHP000810,12832.11,0,692.06,515.35,1501.78,1480.93,17022.23,0.0,2024,8,CMA CGM,Chicago
CST000811,SHP000811,43225.7,1075,302.41,1008.8,1158.63,1009.39,47779.93,2.25,2024,4,ONE,Miami
CST000812,SHP000812,3750.88,0,1100.42,1208.25,2450.9,504.78,9015.23,0.0,2022,4,ZIM,Toronto
CST000813,SHP000813,37174.23,875,807.52,609.42,764.73,1001.14,41232.04,2.12,2022,7,Evergreen,Seattle
CST000814,SHP000814,26920.92,600,1097.56,898.8,2483.34,819.28,32819.9,1.83,2023,2,MSC,Miami
CST000815,SHP000815,17414.16,1000,1204.54,1246.48,1456.71,1718.06,24039.95,4.16,2022,11,Hapag-Lloyd,Toronto
CST000816,SHP000816,8663.3,1325,1201.41,1436.7,1918.81,508.99,15054.21,8.8,2023,3,ONE,Seattle
CST000817,SHP000817,7405.45,1500,1753.06,724.95,1725.27,213.56,13322.29,11.26,2023,9,Hapag-Lloyd,Vancouver
CST000818,SHP000818,13118.04,500,922.69,1185.62,1453.54,1355.29,18535.18,2.7,2023,12,Hapag-Lloyd,New York
CST000819,SHP000819,34041.04,0,1797.65,615.18,2335.3,620.36,39409.53,0.0,2022,10,Maersk,Vancouver
CST000820,SHP000820,11605.5,1300,738.2,1480.25,2366.5,579.36,18069.81,7.19,2024,7,Yang Ming,Toronto
CST000821,SHP000821,2169.95,0,1863.85,1218.9,2371.8,786.21,8410.71,0.0,2023,3,COSCO,Miami
CST000822,SHP000822,21380.76,550,1332.48,936.04,651.46,1651.39,26502.13,2.08,2024,7,COSCO,Seattle
CST000823,SHP000823,21714.66,150,278.53,694.09,809.65,601.94,24248.87,0.62,2024,2,CMA CGM,Miami
CST000824,SHP000824,8285.2,300,1121.24,798.06,2427.27,1032.02,13963.79,2.15,2022,8,HMM,Vancouver
CST000825,SHP000825,22727.04,300,1117.73,1353.32,2868.41,299.85,28666.35,1.05,2023,8,MSC,Toronto
CST000826,SHP000826,16644.06,600,727.97,605.74,1527.45,1883.62,21988.84,2.73,2024,3,ONE,Miami
CST000827,SHP000827,23465.1,500,1108.84,653.78,2685.24,1549.67,29962.63,1.67,2024,4,Yang Ming,Toronto
CST000828,SHP000828,27059.41,300,1001.51,758.58,1847.43,1523.78,32490.71,0.92,2023,5,ONE,Miami
CST000829,SHP000829,4673.76,375,219.1,815.01,694.52,1240.48,8017.87,4.68,2024,4,CMA CGM,Los Angeles
CST000830,SHP000830,2418.46,0,966.68,992.14,885.4,1854.15,7116.83,0.0,2022,11,HMM,Chicago
CST000831,SHP000831,8941.5,375,1272.74,1080.67,1668.82,1220.71,14559.44,2.58,2022,2,Maersk,Miami
CST000832,SHP000832,9364.56,0,388.59,356.85,1128.94,1792.87,13031.81,0.0,2023,6,Evergreen,Miami
CST000833,SHP000833,3429.84,600,1610.17,686.94,573.24,1033.16,7933.35,7.56,2022,8,MSC,Vancouver
CST000834,SHP000834,3156.2,0,225.02,1125.37,2676.77,761.23,7944.59,0.0,2022,2,Yang Ming,Seattle
CST000835,SHP000835,1233.67,0,1930.77,1152.43,1842.21,380.15,6539.23,0.0,2022,1,CMA CGM,Chicago
CST000836,SHP000836,2783.03,0,1818.42,1395.11,1883.99,736.19,8616.74,0.0,2024,12,HMM,Los Angeles
CST000837,SHP000837,5370.24,0,711.11,741.27,1641.38,611.68,9075.68,0.0,2022,3,ONE,New York
CST000838,SHP000838,7199.75,7200,1325.24,1405.17,1705.55,766.99,19602.7,36.73,2024,10,COSCO,Seattle
CST000839,SHP000839,35641.9,16425,970.17,457.47,730.85,2023.35,56248.74,29.2,2023,2,MSC,Los Angeles
CST000840,SHP000840,11350.56,10150,1637.09,512.25,2399.31,131.22,26180.43,38.77,2023,2,HMM,Miami
CST000841,SHP000841,11380.35,0,1755.44,610.73,526.68,1039.56,15312.76,0.0,2024,12,HMM,Chicago
CST000842,SHP000842,1671.28,200,1631.99,432.89,896.1,2044.14,6876.4,2.91,2024,2,Evergreen,New York
CST000843,SHP000843,14441.49,600,1541.58,1046.59,1836.84,811.74,20278.24,2.96,2022,5,ZIM,New York
CST000844,SHP000844,21160.08,1250,1916.72,856.64,2932.46,2546.51,30662.41,4.08,2023,10,HMM,Miami
CST000845,SHP000845,4329.95,0,297.89,928.65,1940.58,1065.07,8562.14,0.0,2023,11,MSC,Los Angeles
CST000846,SHP000846,19114.02,12375,1586.65,714.35,1959.99,178.06,35928.07,34.44,2024,4,ZIM,Los Angeles
CST000847,SHP000847,15762.78,450,715.83,858.39,2695.64,168.8,20651.44,2.18,2023,12,Hapag-Lloyd,Houston
CST000848,SHP000848,1313.32,300,1522.13,940.09,2651.41,1052.02,7778.97,3.86,2022,7,ZIM,Houston
CST000849,SHP000849,1209.97,0,517.46,1229.05,1355.61,1719.12,6031.21,0.0,2024,1,CMA CGM,New York
CST000850,SHP000850,5944.59,0,432.29,938.54,1537.35,473.83,9326.6,0.0,2022,12,ONE,Chicago
CST000851,SHP000851,13084.56,0,1747.45,947.66,871.8,595.77,17247.24,0.0,2024,9,ZIM,New York
CST000852,SHP000852,3280.85,750,1384.72,1250.55,2624.76,1360.54,10651.42,7.04,2022,6,ONE,New York
CST000853,SHP000853,11810.67,0,503.12,356.72,2134.43,366.4,15171.34,0.0,2023,3,ZIM,Houston
CST000854,SHP000854,11827.25,500,1023.82,571.78,1429.15,1175.14,16527.14,3.03,2024,11,ONE,Seattle
CST000855,SHP000855,4528.85,75,833.14,1359.45,764.02,846.11,8406.57,0.89,2022,8,CMA CGM,Vancouver
CST000856,SHP000856,21547.26,225,988.6,754.54,692.22,884.8,25092.42,0.9,2023,12,Hapag-Lloyd,Vancouver
CST000857,SHP000857,10175.13,700,473.01,987.05,2689.9,916.58,15941.67,4.39,2024,2,ONE,Toronto
CST000858,SHP000858,4111.72,300,1175.04,775.88,2683.68,826.54,9872.86,3.04,2022,4,COSCO,Vancouver
CST000859,SHP000859,14062.08,400,1740.59,365.22,2451.37,1316.76,20336.02,1.97,2023,4,COSCO,Chicago
CST000860,SHP000860,1148.7,0,1751.11,916.12,970.02,680.47,5466.42,0.0,2023,12,Evergreen,New York
CST000861,SHP000861,10598.24,1175,309.1,477.81,1315.57,96.36,13972.08,8.41,2023,10,Hapag-Lloyd,Los Angeles
CST000862,SHP000862,2997.82,500,282.8,959.5,2863.09,1009.17,8612.38,5.81,2023,6,ONE,Los Angeles
CST000863,SHP000863,19454.15,200,1306.0,322.01,1597.98,1428.25,24308.39,0.82,2022,8,ZIM,Seattle
CST000864,SHP000864,15769.44,850,1033.56,545.17,2896.52,1177.42,22272.11,3.82,2023,11,MSC,Chicago
CST000865,SHP000865,31449.6,1000,1205.92,1393.64,2543.06,144.37,37736.59,2.65,2023,11,Maersk,Chicago
CST000866,SHP000866,14908.95,1100,560.16,1366.53,2730.09,1899.94,22565.67,4.87,2022,3,CMA CGM,Seattle
CST000867,SHP000867,13480.8,4925,1968.03,1067.67,1592.54,734.48,23768.52,20.72,2024,12,MSC,Seattle
CST000868,SHP000868,11202.66,0,727.17,644.64,2900.36,2839.78,18314.61,0.0,2022,9,Evergreen,Houston
CST000869,SHP000869,4288.45,0,1732.97,1206.3,2475.17,130.06,9832.95,0.0,2022,11,ZIM,Chicago
CST000870,SHP000870,984.64,0,249.18,306.98,1576.49,262.26,3379.55,0.0,2023,9,MSC,Seattle
CST000871,SHP000871,3751.94,0,1661.47,1303.85,2286.42,80.74,9084.42,0.0,2023,7,COSCO,Vancouver
CST000872,SHP000872,8659.38,0,1160.63,1135.58,2879.33,1385.09,15220.01,0.0,2022,7,Yang Ming,Miami
CST000873,SHP000873,5583.55,600,268.67,631.1,2655.51,1392.28,11131.11,5.39,2022,10,CMA CGM,Chicago
CST000874,SHP000874,15984.72,1050,1046.56,1048.58,513.29,1097.13,20740.28,5.06,2022,7,CMA CGM,Miami
CST000875,SHP000875,8079.84,1450,1790.44,1473.03,2088.63,2253.11,17135.05,8.46,2024,5,ONE,Seattle
CST000876,SHP000876,40478.8,750,1545.64,1285.72,644.21,195.64,44900.01,1.67,2024,11,HMM,New York
CST000877,SHP000877,19353.05,0,427.68,1085.82,1942.37,880.69,23689.61,0.0,2024,11,Yang Ming,Seattle
CST000878,SHP000878,31820.76,0,1019.8,615.46,783.96,138.12,34378.1,0.0,2023,11,MSC,Seattle
CST000879,SHP000879,3780.78,300,1434.13,1221.53,1301.6,1452.75,9490.79,3.16,2023,4,CMA CGM,Los Angeles
CST000880,SHP000880,7129.84,0,289.88,1325.11,2737.56,1109.22,12591.61,0.0,2022,9,MSC,Los Angeles
CST000881,SHP000881,15867.0,0,1911.62,1398.67,1321.01,1241.74,21740.04,0.0,2024,9,MSC,Miami
CST000882,SHP000882,5727.48,450,1825.23,909.53,500.59,1181.3,10594.13,4.25,2022,2,MSC,Los Angeles
CST000883,SHP000883,11237.0,1950,1072.49,329.23,899.78,947.43,16435.93,11.86,2023,8,ZIM,Chicago
CST000884,SHP000884,5885.39,650,785.91,303.2,909.49,550.15,9084.14,7.16,2022,2,Yang Ming,Los Angeles
CST000885,SHP000885,6371.01,0,530.81,744.54,850.09,1788.66,10285.11,0.0,2024,8,Maersk,Los Angeles
CST000886,SHP000886,20553.8,1050,331.34,1310.65,2745.91,900.21,26891.91,3.9,2022,12,ONE,Vancouver
CST000887,SHP000887,8794.02,0,793.06,603.47,701.55,2422.52,13314.62,0.0,2024,9,Hapag-Lloyd,Vancouver
CST000888,SHP000888,4971.93,0,1195.14,868.78,2401.92,1738.65,11176.42,0.0,2024,4,CMA CGM,Houston
CST000889,SHP000889,29489.53,750,224.23,733.73,1020.66,297.21,32515.36,2.31,2022,8,ONE,New York
CST000890,SHP000890,17577.84,300,1543.11,444.44,1826.5,1518.24,23210.13,1.29,2024,2,Maersk,Seattle
CST000891,SHP000891,7218.09,0,1123.19,730.63,731.47,871.76,10675.14,0.0,2024,10,Evergreen,Chicago
CST000892,SHP000892,20318.83,6750,428.92,1461.33,2840.8,876.91,32676.79,20.66,2023,2,HMM,Vancouver
CST000893,SHP000893,41291.0,550,664.92,1410.03,2943.84,2126.01,48985.8,1.12,2023,3,COSCO,New York
CST000894,SHP000894,5290.48,0,872.63,697.46,1951.19,279.74,9091.5,0.0,2022,6,Yang Ming,Vancouver
CST000895,SHP000895,13146.06,0,583.11,1262.66,885.06,219.6,16096.49,0.0,2023,5,Maersk,Chicago
CST000896,SHP000896,16084.8,0,1324.94,1241.51,1456.69,172.9,20280.84,0.0,2022,4,COSCO,Miami
CST000897,SHP000897,25316.64,1150,1851.27,618.27,1065.32,1313.36,31314.86,3.67,2022,10,Evergreen,Toronto
CST000898,SHP000898,42386.5,1100,1301.15,350.45,2839.18,2097.79,50075.07,2.2,2023,12,ZIM,Toronto
CST000899,SHP000899,14379.66,0,520.7,544.39,621.09,1000.37,17066.21,0.0,2022,3,Hapag-Lloyd,Vancouver
CST000900,SHP000900,2232.36,0,860.54,538.43,2528.0,766.86,6926.19,0.0,2024,12,Maersk,New York
CST000901,SHP000901,9098.94,21000,467.68,1295.33,2619.14,653.91,35135.0,59.77,2024,6,Yang Ming,Vancouver
CST000902,SHP000902,4031.05,225,569.33,1314.38,2039.12,366.13,8545.01,2.63,2023,4,Evergreen,Toronto
CST000903,SHP000903,32242.7,650,763.29,1486.16,673.8,407.16,36223.11,1.79,2023,1,Maersk,Seattle
CST000904,SHP000904,14055.21,1000,974.46,994.32,2674.09,1340.16,21038.24,4.75,2022,9,HMM,Seattle
CST000905,SHP000905,23964.75,21500,573.61,813.03,2194.97,140.8,49187.16,43.71,2023,8,ZIM,Houston
CST000906,SHP000906,14218.65,1975,1384.02,1381.35,2921.82,963.38,22844.22,8.65,2023,2,ZIM,Vancouver
CST000907,SHP000907,9142.4,0,1273.13,1250.64,1432.08,764.13,13862.38,0.0,2022,8,Evergreen,Seattle
CST000908,SHP000908,6244.8,750,1569.13,741.79,2385.37,488.09,12179.18,6.16,2022,2,Hapag-Lloyd,Seattle
CST000909,SHP000909,25283.94,500,1986.02,1399.38,1453.69,1336.58,31959.61,1.56,2023,12,Maersk,Toronto
CST000910,SHP000910,19882.5,750,1375.56,1474.54,1835.27,2103.06,27420.93,2.74,2024,5,Maersk,Miami
CST000911,SHP000911,1838.59,400,1242.09,1352.89,2452.64,1033.53,8319.74,4.81,2024,2,HMM,Los Angeles
CST000912,SHP000912,16195.75,300,1412.82,355.64,996.19,1239.45,20499.85,1.46,2024,3,Evergreen,Houston
CST000913,SHP000913,6662.56,900,1658.81,552.23,2532.34,202.92,12508.86,7.19,2023,6,MSC,Houston
CST000914,SHP000914,25963.14,5800,1145.28,1210.68,759.11,1002.41,35880.62,16.16,2022,4,COSCO,Miami
CST000915,SHP000915,4893.8,825,207.32,474.21,567.74,212.33,7180.4,11.49,2023,4,Hapag-Lloyd,Los Angeles
CST000916,SHP000916,16797.78,6100,1386.13,894.79,1146.26,96.98,26421.94,23.09,2023,4,HMM,Toronto
CST000917,SHP000917,21740.3,450,758.6,1229.74,1865.67,1555.87,27600.18,1.63,2022,8,MSC,Seattle
CST000918,SHP000918,26447.22,600,883.16,918.12,1668.26,2367.82,32884.58,1.82,2022,2,Yang Ming,Los Angeles
CST000919,SHP000919,1193.06,1500,1374.17,766.44,2345.56,483.8,7663.03,19.57,2024,1,Hapag-Lloyd,Los Angeles
CST000920,SHP000920,8668.32,0,1057.94,907.49,1546.16,1780.4,13960.31,0.0,2024,2,COSCO,New York
CST000921,SHP000921,24527.16,450,943.99,334.73,1012.9,1050.16,28318.94,1.59,2024,12,COSCO,Vancouver
CST000922,SHP000922,6728.74,0,548.36,369.46,1886.88,969.97,10503.41,0.0,2023,5,Hapag-Lloyd,Houston
CST000923,SHP000923,11550.84,500,1929.97,541.5,2707.32,908.63,18138.26,2.76,2024,1,MSC,Vancouver
CST000924,SHP000924,4622.92,0,1028.71,412.04,2492.86,1145.15,9701.68,0.0,2023,6,Evergreen,Los Angeles
CST000925,SHP000925,18161.95,450,505.51,856.97,625.94,1723.69,22324.06,2.02,2024,7,ZIM,Los Angeles
CST000926,SHP000926,37790.19,825,851.49,928.37,2805.48,1161.05,44361.58,1.86,2022,2,CMA CGM,Miami
CST000927,SHP000927,11987.6,500,205.73,908.41,2063.33,1908.0,17573.07,2.85,2022,9,Yang Ming,Chicago
CST000928,SHP000928,10433.16,450,1693.05,796.83,970.3,1171.84,15515.18,2.9,2024,6,ZIM,Seattle
CST000929,SHP000929,31260.33,1125,1882.11,1122.71,1763.72,725.38,37879.25,2.97,2024,7,CMA CGM,Houston
CST000930,SHP000930,21612.06,0,1782.85,953.33,1934.95,977.39,27260.58,0.0,2022,4,Hapag-Lloyd,Houston
CST000931,SHP000931,9066.2,400,881.12,1361.06,1497.37,1207.3,14413.05,2.78,2022,7,Yang Ming,Houston
CST000932,SHP000932,32337.0,1350,1425.68,928.3,2688.11,100.24,38829.33,3.48,2023,7,Hapag-Lloyd,New York
CST000933,SHP000933,23780.6,325,1258.39,673.89,2663.97,821.81,29523.66,1.1,2024,9,COSCO,Toronto
CST000934,SHP000934,13423.17,450,1179.74,619.51,1306.31,2129.21,19107.94,2.36,2024,6,Hapag-Lloyd,Vancouver
CST000935,SHP000935,25066.48,850,960.12,1231.49,2194.04,1178.39,31480.52,2.7,2023,11,MSC,Vancouver
CST000936,SHP000936,4311.98,0,482.21,642.58,2164.57,1433.48,9034.82,0.0,2024,12,Maersk,Vancouver
CST000937,SHP000937,10542.51,400,1021.41,1025.41,520.97,397.01,13907.31,2.88,2023,2,HMM,New York
CST000938,SHP000938,13707.84,0,1203.7,937.41,1161.01,212.82,17222.78,0.0,2024,6,COSCO,Toronto
CST000939,SHP000939,16357.55,300,1312.04,1396.94,1364.36,1263.93,21994.82,1.36,2024,9,Yang Ming,Houston
CST000940,SHP000940,30706.48,1625,663.34,936.85,1640.13,771.06,36342.86,4.47,2022,7,ONE,Chicago
CST000941,SHP000941,31267.6,150,1899.42,1258.0,1179.32,2515.42,38269.76,0.39,2022,8,CMA CGM,Houston
CST000942,SHP000942,10607.64,0,644.03,605.97,2750.18,575.67,15183.49,0.0,2023,7,Evergreen,Chicago
CST000943,SHP000943,18925.08,1000,878.86,1130.46,2789.97,211.79,24936.16,4.01,2022,4,Yang Ming,Chicago
CST000944,SHP000944,4316.03,0,896.4,519.36,1041.38,163.94,6937.11,0.0,2022,8,Evergreen,New York
CST000945,SHP000945,11703.45,0,1107.84,335.46,2258.08,1062.41,16467.24,0.0,2022,4,ONE,Vancouver
CST000946,SHP000946,933.48,0,947.04,367.33,2804.75,152.67,5205.27,0.0,2024,4,CMA CGM,Houston
CST000947,SHP000947,12547.04,450,1240.33,1062.5,1259.23,1604.85,18163.95,2.48,2022,3,COSCO,Seattle
CST000948,SHP000948,31246.38,375,1156.17,1169.76,521.54,1862.43,36331.28,1.03,2022,9,MSC,Miami
CST000949,SHP000949,18870.04,19300,1001.24,507.57,2939.07,184.4,42802.32,45.09,2024,3,Maersk,Vancouver
CST000950,SHP000950,17509.92,150,1470.87,1309.15,1597.04,730.69,22767.67,0.66,2024,8,Evergreen,Chicago
CST000951,SHP000951,4946.8,1200,1522.92,1349.39,1818.76,626.69,11464.56,10.47,2022,2,COSCO,Miami
CST000952,SHP000952,2305.88,0,1987.32,396.35,2466.3,345.71,7501.56,0.0,2024,9,Evergreen,Houston
CST000953,SHP000953,36141.5,500,1172.92,1063.92,1087.34,261.57,40227.25,1.24,2024,4,Evergreen,Los Angeles
CST000954,SHP000954,23041.8,1000,560.52,393.39,2546.37,162.9,27704.98,3.61,2022,11,Yang Ming,Houston
CST000955,SHP000955,25675.11,0,415.0,873.62,1345.55,2231.28,30540.56,0.0,2023,4,ZIM,Houston
CST000956,SHP000956,2829.86,200,686.18,1013.04,1188.86,1138.79,7056.73,2.83,2022,9,Yang Ming,Miami
CST000957,SHP000957,21124.35,850,643.25,1302.08,1741.95,122.84,25784.47,3.3,2024,12,Yang Ming,Los Angeles
CST000958,SHP000958,15081.64,0,1009.25,1166.89,597.55,2193.74,20049.07,0.0,2024,2,Hapag-Lloyd,Houston
CST000959,SHP000959,8220.6,3500,1309.99,790.2,837.16,1722.59,16380.54,21.37,2024,8,HMM,Seattle
CST000960,SHP000960,6149.16,0,1684.84,1405.91,1601.33,215.48,11056.72,0.0,2024,8,Yang Ming,Los Angeles
CST000961,SHP000961,8305.36,575,1847.89,603.68,533.88,78.0,11943.81,4.81,2022,11,MSC,Seattle
CST000962,SHP000962,4346.64,1200,995.99,653.16,2926.31,248.92,10371.02,11.57,2024,1,Hapag-Lloyd,Chicago
CST000963,SHP000963,30376.7,0,1279.82,1137.57,1777.49,1581.49,36153.07,0.0,2022,9,CMA CGM,Vancouver
CST000964,SHP000964,3990.99,600,969.38,1057.35,1290.24,846.46,8754.42,6.85,2023,4,Evergreen,Toronto
CST000965,SHP000965,11516.82,300,1737.27,479.63,1335.25,1989.07,17358.04,1.73,2024,11,MSC,Los Angeles
CST000966,SHP000966,16581.24,800,923.42,509.43,946.64,1968.7,21729.43,3.68,2024,8,Yang Ming,Miami
CST000967,SHP000967,37162.08,1000,1989.16,494.42,2956.69,1231.89,44834.24,2.23,2024,6,Hapag-Lloyd,Miami
CST000968,SHP000968,8860.36,0,1308.61,352.41,2165.52,263.58,12950.48,0.0,2024,5,ONE,Houston
CST000969,SHP000969,25130.94,0,1980.3,611.74,1069.16,700.35,29492.49,0.0,2022,1,ZIM,New York
CST000970,SHP000970,15567.5,1150,1491.09,1413.38,1892.75,2277.63,23792.35,4.83,2024,9,Hapag-Lloyd,Chicago
CST000971,SHP000971,2167.28,0,1146.11,1486.83,2040.37,1648.32,8488.91,0.0,2022,12,HMM,Seattle
CST000972,SHP000972,1962.68,0,1701.77,1099.69,2014.56,1540.17,8318.87,0.0,2022,9,CMA CGM,Miami
CST000973,SHP000973,16262.76,0,479.24,1076.28,1132.21,2168.55,21119.04,0.0,2023,10,HMM,Houston
CST000974,SHP000974,7717.44,2000,1531.35,524.06,1530.7,1169.19,14472.74,13.82,2024,10,Maersk,New York
CST000975,SHP000975,38935.9,850,356.38,571.99,1503.61,262.85,42480.73,2.0,2023,7,CMA CGM,Chicago
CST000976,SHP000976,3636.87,0,1354.57,362.17,2784.79,1120.25,9258.65,0.0,2022,6,MSC,Los Angeles
CST000977,SHP000977,23883.16,600,1373.28,395.04,1263.52,557.41,28072.41,2.14,2023,9,ZIM,New York
CST000978,SHP000978,8798.05,300,489.68,474.79,1079.54,809.57,11951.63,2.51,2023,1,ONE,New York
CST000979,SHP000979,22270.2,0,1365.55,337.75,2324.36,727.85,27025.71,0.0,2024,12,ONE,Houston
CST000980,SHP000980,7021.56,0,970.32,1334.13,2638.38,1123.75,13088.14,0.0,2023,12,ONE,New York
CST000981,SHP000981,21982.7,0,265.48,1259.25,688.67,1345.67,25541.77,0.0,2022,10,COSCO,Seattle
CST000982,SHP000982,2984.62,300,265.27,1388.49,708.97,426.74,6074.09,4.94,2022,11,MSC,Toronto
CST000983,SHP000983,24531.71,375,391.48,770.67,2586.33,1092.65,29747.84,1.26,2024,6,COSCO,Toronto
CST000984,SHP000984,10791.54,600,781.54,707.78,1277.45,1109.46,15267.77,3.93,2024,4,ONE,Seattle
CST000985,SHP000985,17282.12,1575,269.74,415.3,2712.71,1614.63,23869.5,6.6,2024,11,Yang Ming,Los Angeles
CST000986,SHP000986,7512.51,300,1737.58,456.35,2337.98,1339.08,13683.5,2.19,2023,9,ONE,Vancouver
CST000987,SHP000987,5481.24,225,736.61,1211.42,2227.2,1506.79,11388.26,1.98,2023,1,Hapag-Lloyd,Vancouver
CST000988,SHP000988,16709.92,750,207.65,1076.05,952.24,1663.33,21359.19,3.51,2022,7,ZIM,Houston
CST000989,SHP000989,19166.15,0,811.77,1109.74,1926.53,2133.28,25147.47,0.0,2023,10,MSC,Los Angeles
CST000990,SHP000990,8663.16,2900,1023.95,1416.78,993.76,745.03,15742.68,18.42,2024,9,Yang Ming,Houston
CST000991,SHP000991,7668.68,0,1924.92,489.42,1529.17,247.9,11860.09,0.0,2023,4,HMM,Vancouver
CST000992,SHP000992,10249.54,500,1677.73,1381.18,1923.88,519.1,16251.43,3.08,2023,9,Yang Ming,Chicago
CST000993,SHP000993,8778.96,0,1549.07,370.94,1830.54,968.81,13498.32,0.0,2022,7,ZIM,Houston
CST000994,SHP000994,6066.9,0,1551.81,378.87,794.86,1615.96,10408.4,0.0,2022,4,ZIM,Miami
CST000995,SHP000995,19371.31,1100,584.12,1395.43,502.32,535.96,23489.14,4.68,2024,12,ONE,Houston
CST000996,SHP000996,4737.1,1325,260.35,326.94,1174.34,1132.82,8956.55,14.79,2023,2,Maersk,Chicago
CST000997,SHP000997,2808.17,0,1025.09,804.63,2472.65,327.58,7438.12,0.0,2024,5,Maersk,Chicago
CST000998,SHP000998,2765.69,500,1697.69,1075.63,2406.97,779.38,9225.36,5.42,2023,9,Maersk,Houston
CST000999,SHP000999,26794.16,14300,452.27,817.27,2214.54,482.68,45060.92,31.73,2022,10,COSCO,Los Angeles
CST001000,SHP001000,4426.16,0,1725.26,1467.79,1211.12,2725.46,11555.79,0.0,2023,10,ZIM,Vancouver
